Grade,Subject,Learning Area,Question,Answer
7,Mathematics,Numbers,What is the definition of numbers?,numbers is explained based on the DepEd K–12 learning competency for this grade level.
7,Mathematics,Numbers,Why is numbers important?,numbers is important because it helps learners understand key concepts required by the curriculum.
7,Mathematics,Numbers,How is numbers applied in real life?,numbers can be applied in everyday situations as emphasized in the DepEd curriculum.
7,Mathematics,Fractions,What is the definition of fractions?,fractions is explained based on the DepEd K–12 learning competency for this grade level.
7,Mathematics,Fractions,Why is fractions important?,fractions is important because it helps learners understand key concepts required by the curriculum.
7,Mathematics,Fractions,How is fractions applied in real life?,fractions can be applied in everyday situations as emphasized in the DepEd curriculum.
7,Mathematics,Cells,What is the definition of cells?,cells is explained based on the DepEd K–12 learning competency for this grade level.
7,Mathematics,Cells,Why is cells important?,cells is important because it helps learners understand key concepts required by the curriculum.
7,Mathematics,Cells,How is cells applied in real life?,cells can be applied in everyday situations as emphasized in the DepEd curriculum.
7,Mathematics,Ecosystems,What is the definition of ecosystems?,ecosystems is explained based on the DepEd K–12 learning competency for this grade level.
7,Mathematics,Ecosystems,Why is ecosystems important?,ecosystems is important because it helps learners understand key concepts required by the curriculum.
7,Mathematics,Ecosystems,How is ecosystems applied in real life?,ecosystems can be applied in everyday situations as emphasized in the DepEd curriculum.
7,Mathematics,Reading Comprehension,What is the definition of reading comprehension?,reading comprehension is explained based on the DepEd K–12 learning competency for this grade level.
7,Mathematics,Reading Comprehension,Why is reading comprehension important?,reading comprehension is important because it helps learners understand key concepts required by the curriculum.
7,Mathematics,Reading Comprehension,How is reading comprehension applied in real life?,reading comprehension can be applied in everyday situations as emphasized in the DepEd curriculum.
7,Mathematics,Grammar,What is the definition of grammar?,grammar is explained based on the DepEd K–12 learning competency for this grade level.
7,Mathematics,Grammar,Why is grammar important?,grammar is important because it helps learners understand key concepts required by the curriculum.
7,Mathematics,Grammar,How is grammar applied in real life?,grammar can be applied in everyday situations as emphasized in the DepEd curriculum.
7,Mathematics,Philippine History,What is the definition of Philippine history?,Philippine history is explained based on the DepEd K–12 learning competency for this grade level.
7,Mathematics,Philippine History,Why is Philippine history important?,Philippine history is important because it helps learners understand key concepts required by the curriculum.
7,Mathematics,Philippine History,How is Philippine history applied in real life?,Philippine history can be applied in everyday situations as emphasized in the DepEd curriculum.
7,Mathematics,Functions,What is the definition of functions?,functions is explained based on the DepEd K–12 learning competency for this grade level.
7,Mathematics,Functions,Why is functions important?,functions is important because it helps learners understand key concepts required by the curriculum.
7,Mathematics,Functions,How is functions applied in real life?,functions can be applied in everyday situations as emphasized in the DepEd curriculum.
7,Mathematics,Climate Change,What is the definition of climate change?,climate change is explained based on the DepEd K–12 learning competency for this grade level.
7,Mathematics,Climate Change,Why is climate change important?,climate change is important because it helps learners understand key concepts required by the curriculum.
7,Mathematics,Climate Change,How is climate change applied in real life?,climate change can be applied in everyday situations as emphasized in the DepEd curriculum.
7,Mathematics,Energy,What is the definition of energy?,energy is explained based on the DepEd K–12 learning competency for this grade level.
7,Mathematics,Energy,Why is energy important?,energy is important because it helps learners understand key concepts required by the curriculum.
7,Mathematics,Energy,How is energy applied in real life?,energy can be applied in everyday situations as emphasized in the DepEd curriculum.
7,Mathematics,Communication Skills,What is the definition of communication skills?,communication skills is explained based on the DepEd K–12 learning competency for this grade level.
7,Mathematics,Communication Skills,Why is communication skills important?,communication skills is important because it helps learners understand key concepts required by the curriculum.
7,Mathematics,Communication Skills,How is communication skills applied in real life?,communication skills can be applied in everyday situations as emphasized in the DepEd curriculum.
7,Mathematics,Data Interpretation,What is the definition of data interpretation?,data interpretation is explained based on the DepEd K–12 learning competency for this grade level.
7,Mathematics,Data Interpretation,Why is data interpretation important?,data interpretation is important because it helps learners understand key concepts required by the curriculum.
7,Mathematics,Data Interpretation,How is data interpretation applied in real life?,data interpretation can be applied in everyday situations as emphasized in the DepEd curriculum.
7,Science,Numbers,What is the definition of numbers?,numbers is explained based on the DepEd K–12 learning competency for this grade level.
7,Science,Numbers,Why is numbers important?,numbers is important because it helps learners understand key concepts required by the curriculum.
7,Science,Numbers,How is numbers applied in real life?,numbers can be applied in everyday situations as emphasized in the DepEd curriculum.
7,Science,Fractions,What is the definition of fractions?,fractions is explained based on the DepEd K–12 learning competency for this grade level.
7,Science,Fractions,Why is fractions important?,fractions is important because it helps learners understand key concepts required by the curriculum.
7,Science,Fractions,How is fractions applied in real life?,fractions can be applied in everyday situations as emphasized in the DepEd curriculum.
7,Science,Cells,What is the definition of cells?,cells is explained based on the DepEd K–12 learning competency for this grade level.
7,Science,Cells,Why is cells important?,cells is important because it helps learners understand key concepts required by the curriculum.
7,Science,Cells,How is cells applied in real life?,cells can be applied in everyday situations as emphasized in the DepEd curriculum.
7,Science,Ecosystems,What is the definition of ecosystems?,ecosystems is explained based on the DepEd K–12 learning competency for this grade level.
7,Science,Ecosystems,Why is ecosystems important?,ecosystems is important because it helps learners understand key concepts required by the curriculum.
7,Science,Ecosystems,How is ecosystems applied in real life?,ecosystems can be applied in everyday situations as emphasized in the DepEd curriculum.
7,Science,Reading Comprehension,What is the definition of reading comprehension?,reading comprehension is explained based on the DepEd K–12 learning competency for this grade level.
7,Science,Reading Comprehension,Why is reading comprehension important?,reading comprehension is important because it helps learners understand key concepts required by the curriculum.
7,Science,Reading Comprehension,How is reading comprehension applied in real life?,reading comprehension can be applied in everyday situations as emphasized in the DepEd curriculum.
7,Science,Grammar,What is the definition of grammar?,grammar is explained based on the DepEd K–12 learning competency for this grade level.
7,Science,Grammar,Why is grammar important?,grammar is important because it helps learners understand key concepts required by the curriculum.
7,Science,Grammar,How is grammar applied in real life?,grammar can be applied in everyday situations as emphasized in the DepEd curriculum.
7,Science,Philippine History,What is the definition of Philippine history?,Philippine history is explained based on the DepEd K–12 learning competency for this grade level.
7,Science,Philippine History,Why is Philippine history important?,Philippine history is important because it helps learners understand key concepts required by the curriculum.
7,Science,Philippine History,How is Philippine history applied in real life?,Philippine history can be applied in everyday situations as emphasized in the DepEd curriculum.
7,Science,Functions,What is the definition of functions?,functions is explained based on the DepEd K–12 learning competency for this grade level.
7,Science,Functions,Why is functions important?,functions is important because it helps learners understand key concepts required by the curriculum.
7,Science,Functions,How is functions applied in real life?,functions can be applied in everyday situations as emphasized in the DepEd curriculum.
7,Science,Climate Change,What is the definition of climate change?,climate change is explained based on the DepEd K–12 learning competency for this grade level.
7,Science,Climate Change,Why is climate change important?,climate change is important because it helps learners understand key concepts required by the curriculum.
7,Science,Climate Change,How is climate change applied in real life?,climate change can be applied in everyday situations as emphasized in the DepEd curriculum.
7,Science,Energy,What is the definition of energy?,energy is explained based on the DepEd K–12 learning competency for this grade level.
7,Science,Energy,Why is energy important?,energy is important because it helps learners understand key concepts required by the curriculum.
7,Science,Energy,How is energy applied in real life?,energy can be applied in everyday situations as emphasized in the DepEd curriculum.
7,Science,Communication Skills,What is the definition of communication skills?,communication skills is explained based on the DepEd K–12 learning competency for this grade level.
7,Science,Communication Skills,Why is communication skills important?,communication skills is important because it helps learners understand key concepts required by the curriculum.
7,Science,Communication Skills,How is communication skills applied in real life?,communication skills can be applied in everyday situations as emphasized in the DepEd curriculum.
7,Science,Data Interpretation,What is the definition of data interpretation?,data interpretation is explained based on the DepEd K–12 learning competency for this grade level.
7,Science,Data Interpretation,Why is data interpretation important?,data interpretation is important because it helps learners understand key concepts required by the curriculum.
7,Science,Data Interpretation,How is data interpretation applied in real life?,data interpretation can be applied in everyday situations as emphasized in the DepEd curriculum.
7,English,Numbers,What is the definition of numbers?,numbers is explained based on the DepEd K–12 learning competency for this grade level.
7,English,Numbers,Why is numbers important?,numbers is important because it helps learners understand key concepts required by the curriculum.
7,English,Numbers,How is numbers applied in real life?,numbers can be applied in everyday situations as emphasized in the DepEd curriculum.
7,English,Fractions,What is the definition of fractions?,fractions is explained based on the DepEd K–12 learning competency for this grade level.
7,English,Fractions,Why is fractions important?,fractions is important because it helps learners understand key concepts required by the curriculum.
7,English,Fractions,How is fractions applied in real life?,fractions can be applied in everyday situations as emphasized in the DepEd curriculum.
7,English,Cells,What is the definition of cells?,cells is explained based on the DepEd K–12 learning competency for this grade level.
7,English,Cells,Why is cells important?,cells is important because it helps learners understand key concepts required by the curriculum.
7,English,Cells,How is cells applied in real life?,cells can be applied in everyday situations as emphasized in the DepEd curriculum.
7,English,Ecosystems,What is the definition of ecosystems?,ecosystems is explained based on the DepEd K–12 learning competency for this grade level.
7,English,Ecosystems,Why is ecosystems important?,ecosystems is important because it helps learners understand key concepts required by the curriculum.
7,English,Ecosystems,How is ecosystems applied in real life?,ecosystems can be applied in everyday situations as emphasized in the DepEd curriculum.
7,English,Reading Comprehension,What is the definition of reading comprehension?,reading comprehension is explained based on the DepEd K–12 learning competency for this grade level.
7,English,Reading Comprehension,Why is reading comprehension important?,reading comprehension is important because it helps learners understand key concepts required by the curriculum.
7,English,Reading Comprehension,How is reading comprehension applied in real life?,reading comprehension can be applied in everyday situations as emphasized in the DepEd curriculum.
7,English,Grammar,What is the definition of grammar?,grammar is explained based on the DepEd K–12 learning competency for this grade level.
7,English,Grammar,Why is grammar important?,grammar is important because it helps learners understand key concepts required by the curriculum.
7,English,Grammar,How is grammar applied in real life?,grammar can be applied in everyday situations as emphasized in the DepEd curriculum.
7,English,Philippine History,What is the definition of Philippine history?,Philippine history is explained based on the DepEd K–12 learning competency for this grade level.
7,English,Philippine History,Why is Philippine history important?,Philippine history is important because it helps learners understand key concepts required by the curriculum.
7,English,Philippine History,How is Philippine history applied in real life?,Philippine history can be applied in everyday situations as emphasized in the DepEd curriculum.
7,English,Functions,What is the definition of functions?,functions is explained based on the DepEd K–12 learning competency for this grade level.
7,English,Functions,Why is functions important?,functions is important because it helps learners understand key concepts required by the curriculum.
7,English,Functions,How is functions applied in real life?,functions can be applied in everyday situations as emphasized in the DepEd curriculum.
7,English,Climate Change,What is the definition of climate change?,climate change is explained based on the DepEd K–12 learning competency for this grade level.
7,English,Climate Change,Why is climate change important?,climate change is important because it helps learners understand key concepts required by the curriculum.
7,English,Climate Change,How is climate change applied in real life?,climate change can be applied in everyday situations as emphasized in the DepEd curriculum.
7,English,Energy,What is the definition of energy?,energy is explained based on the DepEd K–12 learning competency for this grade level.
7,English,Energy,Why is energy important?,energy is important because it helps learners understand key concepts required by the curriculum.
7,English,Energy,How is energy applied in real life?,energy can be applied in everyday situations as emphasized in the DepEd curriculum.
7,English,Communication Skills,What is the definition of communication skills?,communication skills is explained based on the DepEd K–12 learning competency for this grade level.
7,English,Communication Skills,Why is communication skills important?,communication skills is important because it helps learners understand key concepts required by the curriculum.
7,English,Communication Skills,How is communication skills applied in real life?,communication skills can be applied in everyday situations as emphasized in the DepEd curriculum.
7,English,Data Interpretation,What is the definition of data interpretation?,data interpretation is explained based on the DepEd K–12 learning competency for this grade level.
7,English,Data Interpretation,Why is data interpretation important?,data interpretation is important because it helps learners understand key concepts required by the curriculum.
7,English,Data Interpretation,How is data interpretation applied in real life?,data interpretation can be applied in everyday situations as emphasized in the DepEd curriculum.
7,Filipino,Numbers,What is the definition of numbers?,numbers is explained based on the DepEd K–12 learning competency for this grade level.
7,Filipino,Numbers,Why is numbers important?,numbers is important because it helps learners understand key concepts required by the curriculum.
7,Filipino,Numbers,How is numbers applied in real life?,numbers can be applied in everyday situations as emphasized in the DepEd curriculum.
7,Filipino,Fractions,What is the definition of fractions?,fractions is explained based on the DepEd K–12 learning competency for this grade level.
7,Filipino,Fractions,Why is fractions important?,fractions is important because it helps learners understand key concepts required by the curriculum.
7,Filipino,Fractions,How is fractions applied in real life?,fractions can be applied in everyday situations as emphasized in the DepEd curriculum.
7,Filipino,Cells,What is the definition of cells?,cells is explained based on the DepEd K–12 learning competency for this grade level.
7,Filipino,Cells,Why is cells important?,cells is important because it helps learners understand key concepts required by the curriculum.
7,Filipino,Cells,How is cells applied in real life?,cells can be applied in everyday situations as emphasized in the DepEd curriculum.
7,Filipino,Ecosystems,What is the definition of ecosystems?,ecosystems is explained based on the DepEd K–12 learning competency for this grade level.
7,Filipino,Ecosystems,Why is ecosystems important?,ecosystems is important because it helps learners understand key concepts required by the curriculum.
7,Filipino,Ecosystems,How is ecosystems applied in real life?,ecosystems can be applied in everyday situations as emphasized in the DepEd curriculum.
7,Filipino,Reading Comprehension,What is the definition of reading comprehension?,reading comprehension is explained based on the DepEd K–12 learning competency for this grade level.
7,Filipino,Reading Comprehension,Why is reading comprehension important?,reading comprehension is important because it helps learners understand key concepts required by the curriculum.
7,Filipino,Reading Comprehension,How is reading comprehension applied in real life?,reading comprehension can be applied in everyday situations as emphasized in the DepEd curriculum.
7,Filipino,Grammar,What is the definition of grammar?,grammar is explained based on the DepEd K–12 learning competency for this grade level.
7,Filipino,Grammar,Why is grammar important?,grammar is important because it helps learners understand key concepts required by the curriculum.
7,Filipino,Grammar,How is grammar applied in real life?,grammar can be applied in everyday situations as emphasized in the DepEd curriculum.
7,Filipino,Philippine History,What is the definition of Philippine history?,Philippine history is explained based on the DepEd K–12 learning competency for this grade level.
7,Filipino,Philippine History,Why is Philippine history important?,Philippine history is important because it helps learners understand key concepts required by the curriculum.
7,Filipino,Philippine History,How is Philippine history applied in real life?,Philippine history can be applied in everyday situations as emphasized in the DepEd curriculum.
7,Filipino,Functions,What is the definition of functions?,functions is explained based on the DepEd K–12 learning competency for this grade level.
7,Filipino,Functions,Why is functions important?,functions is important because it helps learners understand key concepts required by the curriculum.
7,Filipino,Functions,How is functions applied in real life?,functions can be applied in everyday situations as emphasized in the DepEd curriculum.
7,Filipino,Climate Change,What is the definition of climate change?,climate change is explained based on the DepEd K–12 learning competency for this grade level.
7,Filipino,Climate Change,Why is climate change important?,climate change is important because it helps learners understand key concepts required by the curriculum.
7,Filipino,Climate Change,How is climate change applied in real life?,climate change can be applied in everyday situations as emphasized in the DepEd curriculum.
7,Filipino,Energy,What is the definition of energy?,energy is explained based on the DepEd K–12 learning competency for this grade level.
7,Filipino,Energy,Why is energy important?,energy is important because it helps learners understand key concepts required by the curriculum.
7,Filipino,Energy,How is energy applied in real life?,energy can be applied in everyday situations as emphasized in the DepEd curriculum.
7,Filipino,Communication Skills,What is the definition of communication skills?,communication skills is explained based on the DepEd K–12 learning competency for this grade level.
7,Filipino,Communication Skills,Why is communication skills important?,communication skills is important because it helps learners understand key concepts required by the curriculum.
7,Filipino,Communication Skills,How is communication skills applied in real life?,communication skills can be applied in everyday situations as emphasized in the DepEd curriculum.
7,Filipino,Data Interpretation,What is the definition of data interpretation?,data interpretation is explained based on the DepEd K–12 learning competency for this grade level.
7,Filipino,Data Interpretation,Why is data interpretation important?,data interpretation is important because it helps learners understand key concepts required by the curriculum.
7,Filipino,Data Interpretation,How is data interpretation applied in real life?,data interpretation can be applied in everyday situations as emphasized in the DepEd curriculum.
7,Araling Panlipunan,Numbers,What is the definition of numbers?,numbers is explained based on the DepEd K–12 learning competency for this grade level.
7,Araling Panlipunan,Numbers,Why is numbers important?,numbers is important because it helps learners understand key concepts required by the curriculum.
7,Araling Panlipunan,Numbers,How is numbers applied in real life?,numbers can be applied in everyday situations as emphasized in the DepEd curriculum.
7,Araling Panlipunan,Fractions,What is the definition of fractions?,fractions is explained based on the DepEd K–12 learning competency for this grade level.
7,Araling Panlipunan,Fractions,Why is fractions important?,fractions is important because it helps learners understand key concepts required by the curriculum.
7,Araling Panlipunan,Fractions,How is fractions applied in real life?,fractions can be applied in everyday situations as emphasized in the DepEd curriculum.
7,Araling Panlipunan,Cells,What is the definition of cells?,cells is explained based on the DepEd K–12 learning competency for this grade level.
7,Araling Panlipunan,Cells,Why is cells important?,cells is important because it helps learners understand key concepts required by the curriculum.
7,Araling Panlipunan,Cells,How is cells applied in real life?,cells can be applied in everyday situations as emphasized in the DepEd curriculum.
7,Araling Panlipunan,Ecosystems,What is the definition of ecosystems?,ecosystems is explained based on the DepEd K–12 learning competency for this grade level.
7,Araling Panlipunan,Ecosystems,Why is ecosystems important?,ecosystems is important because it helps learners understand key concepts required by the curriculum.
7,Araling Panlipunan,Ecosystems,How is ecosystems applied in real life?,ecosystems can be applied in everyday situations as emphasized in the DepEd curriculum.
7,Araling Panlipunan,Reading Comprehension,What is the definition of reading comprehension?,reading comprehension is explained based on the DepEd K–12 learning competency for this grade level.
7,Araling Panlipunan,Reading Comprehension,Why is reading comprehension important?,reading comprehension is important because it helps learners understand key concepts required by the curriculum.
7,Araling Panlipunan,Reading Comprehension,How is reading comprehension applied in real life?,reading comprehension can be applied in everyday situations as emphasized in the DepEd curriculum.
7,Araling Panlipunan,Grammar,What is the definition of grammar?,grammar is explained based on the DepEd K–12 learning competency for this grade level.
7,Araling Panlipunan,Grammar,Why is grammar important?,grammar is important because it helps learners understand key concepts required by the curriculum.
7,Araling Panlipunan,Grammar,How is grammar applied in real life?,grammar can be applied in everyday situations as emphasized in the DepEd curriculum.
7,Araling Panlipunan,Philippine History,What is the definition of Philippine history?,Philippine history is explained based on the DepEd K–12 learning competency for this grade level.
7,Araling Panlipunan,Philippine History,Why is Philippine history important?,Philippine history is important because it helps learners understand key concepts required by the curriculum.
7,Araling Panlipunan,Philippine History,How is Philippine history applied in real life?,Philippine history can be applied in everyday situations as emphasized in the DepEd curriculum.
7,Araling Panlipunan,Functions,What is the definition of functions?,functions is explained based on the DepEd K–12 learning competency for this grade level.
7,Araling Panlipunan,Functions,Why is functions important?,functions is important because it helps learners understand key concepts required by the curriculum.
7,Araling Panlipunan,Functions,How is functions applied in real life?,functions can be applied in everyday situations as emphasized in the DepEd curriculum.
7,Araling Panlipunan,Climate Change,What is the definition of climate change?,climate change is explained based on the DepEd K–12 learning competency for this grade level.
7,Araling Panlipunan,Climate Change,Why is climate change important?,climate change is important because it helps learners understand key concepts required by the curriculum.
7,Araling Panlipunan,Climate Change,How is climate change applied in real life?,climate change can be applied in everyday situations as emphasized in the DepEd curriculum.
7,Araling Panlipunan,Energy,What is the definition of energy?,energy is explained based on the DepEd K–12 learning competency for this grade level.
7,Araling Panlipunan,Energy,Why is energy important?,energy is important because it helps learners understand key concepts required by the curriculum.
7,Araling Panlipunan,Energy,How is energy applied in real life?,energy can be applied in everyday situations as emphasized in the DepEd curriculum.
7,Araling Panlipunan,Communication Skills,What is the definition of communication skills?,communication skills is explained based on the DepEd K–12 learning competency for this grade level.
7,Araling Panlipunan,Communication Skills,Why is communication skills important?,communication skills is important because it helps learners understand key concepts required by the curriculum.
7,Araling Panlipunan,Communication Skills,How is communication skills applied in real life?,communication skills can be applied in everyday situations as emphasized in the DepEd curriculum.
7,Araling Panlipunan,Data Interpretation,What is the definition of data interpretation?,data interpretation is explained based on the DepEd K–12 learning competency for this grade level.
7,Araling Panlipunan,Data Interpretation,Why is data interpretation important?,data interpretation is important because it helps learners understand key concepts required by the curriculum.
7,Araling Panlipunan,Data Interpretation,How is data interpretation applied in real life?,data interpretation can be applied in everyday situations as emphasized in the DepEd curriculum.
8,Mathematics,Numbers,What is the definition of numbers?,numbers is explained based on the DepEd K–12 learning competency for this grade level.
8,Mathematics,Numbers,Why is numbers important?,numbers is important because it helps learners understand key concepts required by the curriculum.
8,Mathematics,Numbers,How is numbers applied in real life?,numbers can be applied in everyday situations as emphasized in the DepEd curriculum.
8,Mathematics,Fractions,What is the definition of fractions?,fractions is explained based on the DepEd K–12 learning competency for this grade level.
8,Mathematics,Fractions,Why is fractions important?,fractions is important because it helps learners understand key concepts required by the curriculum.
8,Mathematics,Fractions,How is fractions applied in real life?,fractions can be applied in everyday situations as emphasized in the DepEd curriculum.
8,Mathematics,Cells,What is the definition of cells?,cells is explained based on the DepEd K–12 learning competency for this grade level.
8,Mathematics,Cells,Why is cells important?,cells is important because it helps learners understand key concepts required by the curriculum.
8,Mathematics,Cells,How is cells applied in real life?,cells can be applied in everyday situations as emphasized in the DepEd curriculum.
8,Mathematics,Ecosystems,What is the definition of ecosystems?,ecosystems is explained based on the DepEd K–12 learning competency for this grade level.
8,Mathematics,Ecosystems,Why is ecosystems important?,ecosystems is important because it helps learners understand key concepts required by the curriculum.
8,Mathematics,Ecosystems,How is ecosystems applied in real life?,ecosystems can be applied in everyday situations as emphasized in the DepEd curriculum.
8,Mathematics,Reading Comprehension,What is the definition of reading comprehension?,reading comprehension is explained based on the DepEd K–12 learning competency for this grade level.
8,Mathematics,Reading Comprehension,Why is reading comprehension important?,reading comprehension is important because it helps learners understand key concepts required by the curriculum.
8,Mathematics,Reading Comprehension,How is reading comprehension applied in real life?,reading comprehension can be applied in everyday situations as emphasized in the DepEd curriculum.
8,Mathematics,Grammar,What is the definition of grammar?,grammar is explained based on the DepEd K–12 learning competency for this grade level.
8,Mathematics,Grammar,Why is grammar important?,grammar is important because it helps learners understand key concepts required by the curriculum.
8,Mathematics,Grammar,How is grammar applied in real life?,grammar can be applied in everyday situations as emphasized in the DepEd curriculum.
8,Mathematics,Philippine History,What is the definition of Philippine history?,Philippine history is explained based on the DepEd K–12 learning competency for this grade level.
8,Mathematics,Philippine History,Why is Philippine history important?,Philippine history is important because it helps learners understand key concepts required by the curriculum.
8,Mathematics,Philippine History,How is Philippine history applied in real life?,Philippine history can be applied in everyday situations as emphasized in the DepEd curriculum.
8,Mathematics,Functions,What is the definition of functions?,functions is explained based on the DepEd K–12 learning competency for this grade level.
8,Mathematics,Functions,Why is functions important?,functions is important because it helps learners understand key concepts required by the curriculum.
8,Mathematics,Functions,How is functions applied in real life?,functions can be applied in everyday situations as emphasized in the DepEd curriculum.
8,Mathematics,Climate Change,What is the definition of climate change?,climate change is explained based on the DepEd K–12 learning competency for this grade level.
8,Mathematics,Climate Change,Why is climate change important?,climate change is important because it helps learners understand key concepts required by the curriculum.
8,Mathematics,Climate Change,How is climate change applied in real life?,climate change can be applied in everyday situations as emphasized in the DepEd curriculum.
8,Mathematics,Energy,What is the definition of energy?,energy is explained based on the DepEd K–12 learning competency for this grade level.
8,Mathematics,Energy,Why is energy important?,energy is important because it helps learners understand key concepts required by the curriculum.
8,Mathematics,Energy,How is energy applied in real life?,energy can be applied in everyday situations as emphasized in the DepEd curriculum.
8,Mathematics,Communication Skills,What is the definition of communication skills?,communication skills is explained based on the DepEd K–12 learning competency for this grade level.
8,Mathematics,Communication Skills,Why is communication skills important?,communication skills is important because it helps learners understand key concepts required by the curriculum.
8,Mathematics,Communication Skills,How is communication skills applied in real life?,communication skills can be applied in everyday situations as emphasized in the DepEd curriculum.
8,Mathematics,Data Interpretation,What is the definition of data interpretation?,data interpretation is explained based on the DepEd K–12 learning competency for this grade level.
8,Mathematics,Data Interpretation,Why is data interpretation important?,data interpretation is important because it helps learners understand key concepts required by the curriculum.
8,Mathematics,Data Interpretation,How is data interpretation applied in real life?,data interpretation can be applied in everyday situations as emphasized in the DepEd curriculum.
8,Science,Numbers,What is the definition of numbers?,numbers is explained based on the DepEd K–12 learning competency for this grade level.
8,Science,Numbers,Why is numbers important?,numbers is important because it helps learners understand key concepts required by the curriculum.
8,Science,Numbers,How is numbers applied in real life?,numbers can be applied in everyday situations as emphasized in the DepEd curriculum.
8,Science,Fractions,What is the definition of fractions?,fractions is explained based on the DepEd K–12 learning competency for this grade level.
8,Science,Fractions,Why is fractions important?,fractions is important because it helps learners understand key concepts required by the curriculum.
8,Science,Fractions,How is fractions applied in real life?,fractions can be applied in everyday situations as emphasized in the DepEd curriculum.
8,Science,Cells,What is the definition of cells?,cells is explained based on the DepEd K–12 learning competency for this grade level.
8,Science,Cells,Why is cells important?,cells is important because it helps learners understand key concepts required by the curriculum.
8,Science,Cells,How is cells applied in real life?,cells can be applied in everyday situations as emphasized in the DepEd curriculum.
8,Science,Ecosystems,What is the definition of ecosystems?,ecosystems is explained based on the DepEd K–12 learning competency for this grade level.
8,Science,Ecosystems,Why is ecosystems important?,ecosystems is important because it helps learners understand key concepts required by the curriculum.
8,Science,Ecosystems,How is ecosystems applied in real life?,ecosystems can be applied in everyday situations as emphasized in the DepEd curriculum.
8,Science,Reading Comprehension,What is the definition of reading comprehension?,reading comprehension is explained based on the DepEd K–12 learning competency for this grade level.
8,Science,Reading Comprehension,Why is reading comprehension important?,reading comprehension is important because it helps learners understand key concepts required by the curriculum.
8,Science,Reading Comprehension,How is reading comprehension applied in real life?,reading comprehension can be applied in everyday situations as emphasized in the DepEd curriculum.
8,Science,Grammar,What is the definition of grammar?,grammar is explained based on the DepEd K–12 learning competency for this grade level.
8,Science,Grammar,Why is grammar important?,grammar is important because it helps learners understand key concepts required by the curriculum.
8,Science,Grammar,How is grammar applied in real life?,grammar can be applied in everyday situations as emphasized in the DepEd curriculum.
8,Science,Philippine History,What is the definition of Philippine history?,Philippine history is explained based on the DepEd K–12 learning competency for this grade level.
8,Science,Philippine History,Why is Philippine history important?,Philippine history is important because it helps learners understand key concepts required by the curriculum.
8,Science,Philippine History,How is Philippine history applied in real life?,Philippine history can be applied in everyday situations as emphasized in the DepEd curriculum.
8,Science,Functions,What is the definition of functions?,functions is explained based on the DepEd K–12 learning competency for this grade level.
8,Science,Functions,Why is functions important?,functions is important because it helps learners understand key concepts required by the curriculum.
8,Science,Functions,How is functions applied in real life?,functions can be applied in everyday situations as emphasized in the DepEd curriculum.
8,Science,Climate Change,What is the definition of climate change?,climate change is explained based on the DepEd K–12 learning competency for this grade level.
8,Science,Climate Change,Why is climate change important?,climate change is important because it helps learners understand key concepts required by the curriculum.
8,Science,Climate Change,How is climate change applied in real life?,climate change can be applied in everyday situations as emphasized in the DepEd curriculum.
8,Science,Energy,What is the definition of energy?,energy is explained based on the DepEd K–12 learning competency for this grade level.
8,Science,Energy,Why is energy important?,energy is important because it helps learners understand key concepts required by the curriculum.
8,Science,Energy,How is energy applied in real life?,energy can be applied in everyday situations as emphasized in the DepEd curriculum.
8,Science,Communication Skills,What is the definition of communication skills?,communication skills is explained based on the DepEd K–12 learning competency for this grade level.
8,Science,Communication Skills,Why is communication skills important?,communication skills is important because it helps learners understand key concepts required by the curriculum.
8,Science,Communication Skills,How is communication skills applied in real life?,communication skills can be applied in everyday situations as emphasized in the DepEd curriculum.
8,Science,Data Interpretation,What is the definition of data interpretation?,data interpretation is explained based on the DepEd K–12 learning competency for this grade level.
8,Science,Data Interpretation,Why is data interpretation important?,data interpretation is important because it helps learners understand key concepts required by the curriculum.
8,Science,Data Interpretation,How is data interpretation applied in real life?,data interpretation can be applied in everyday situations as emphasized in the DepEd curriculum.
8,English,Numbers,What is the definition of numbers?,numbers is explained based on the DepEd K–12 learning competency for this grade level.
8,English,Numbers,Why is numbers important?,numbers is important because it helps learners understand key concepts required by the curriculum.
8,English,Numbers,How is numbers applied in real life?,numbers can be applied in everyday situations as emphasized in the DepEd curriculum.
8,English,Fractions,What is the definition of fractions?,fractions is explained based on the DepEd K–12 learning competency for this grade level.
8,English,Fractions,Why is fractions important?,fractions is important because it helps learners understand key concepts required by the curriculum.
8,English,Fractions,How is fractions applied in real life?,fractions can be applied in everyday situations as emphasized in the DepEd curriculum.
8,English,Cells,What is the definition of cells?,cells is explained based on the DepEd K–12 learning competency for this grade level.
8,English,Cells,Why is cells important?,cells is important because it helps learners understand key concepts required by the curriculum.
8,English,Cells,How is cells applied in real life?,cells can be applied in everyday situations as emphasized in the DepEd curriculum.
8,English,Ecosystems,What is the definition of ecosystems?,ecosystems is explained based on the DepEd K–12 learning competency for this grade level.
8,English,Ecosystems,Why is ecosystems important?,ecosystems is important because it helps learners understand key concepts required by the curriculum.
8,English,Ecosystems,How is ecosystems applied in real life?,ecosystems can be applied in everyday situations as emphasized in the DepEd curriculum.
8,English,Reading Comprehension,What is the definition of reading comprehension?,reading comprehension is explained based on the DepEd K–12 learning competency for this grade level.
8,English,Reading Comprehension,Why is reading comprehension important?,reading comprehension is important because it helps learners understand key concepts required by the curriculum.
8,English,Reading Comprehension,How is reading comprehension applied in real life?,reading comprehension can be applied in everyday situations as emphasized in the DepEd curriculum.
8,English,Grammar,What is the definition of grammar?,grammar is explained based on the DepEd K–12 learning competency for this grade level.
8,English,Grammar,Why is grammar important?,grammar is important because it helps learners understand key concepts required by the curriculum.
8,English,Grammar,How is grammar applied in real life?,grammar can be applied in everyday situations as emphasized in the DepEd curriculum.
8,English,Philippine History,What is the definition of Philippine history?,Philippine history is explained based on the DepEd K–12 learning competency for this grade level.
8,English,Philippine History,Why is Philippine history important?,Philippine history is important because it helps learners understand key concepts required by the curriculum.
8,English,Philippine History,How is Philippine history applied in real life?,Philippine history can be applied in everyday situations as emphasized in the DepEd curriculum.
8,English,Functions,What is the definition of functions?,functions is explained based on the DepEd K–12 learning competency for this grade level.
8,English,Functions,Why is functions important?,functions is important because it helps learners understand key concepts required by the curriculum.
8,English,Functions,How is functions applied in real life?,functions can be applied in everyday situations as emphasized in the DepEd curriculum.
8,English,Climate Change,What is the definition of climate change?,climate change is explained based on the DepEd K–12 learning competency for this grade level.
8,English,Climate Change,Why is climate change important?,climate change is important because it helps learners understand key concepts required by the curriculum.
8,English,Climate Change,How is climate change applied in real life?,climate change can be applied in everyday situations as emphasized in the DepEd curriculum.
8,English,Energy,What is the definition of energy?,energy is explained based on the DepEd K–12 learning competency for this grade level.
8,English,Energy,Why is energy important?,energy is important because it helps learners understand key concepts required by the curriculum.
8,English,Energy,How is energy applied in real life?,energy can be applied in everyday situations as emphasized in the DepEd curriculum.
8,English,Communication Skills,What is the definition of communication skills?,communication skills is explained based on the DepEd K–12 learning competency for this grade level.
8,English,Communication Skills,Why is communication skills important?,communication skills is important because it helps learners understand key concepts required by the curriculum.
8,English,Communication Skills,How is communication skills applied in real life?,communication skills can be applied in everyday situations as emphasized in the DepEd curriculum.
8,English,Data Interpretation,What is the definition of data interpretation?,data interpretation is explained based on the DepEd K–12 learning competency for this grade level.
8,English,Data Interpretation,Why is data interpretation important?,data interpretation is important because it helps learners understand key concepts required by the curriculum.
8,English,Data Interpretation,How is data interpretation applied in real life?,data interpretation can be applied in everyday situations as emphasized in the DepEd curriculum.
8,Filipino,Numbers,What is the definition of numbers?,numbers is explained based on the DepEd K–12 learning competency for this grade level.
8,Filipino,Numbers,Why is numbers important?,numbers is important because it helps learners understand key concepts required by the curriculum.
8,Filipino,Numbers,How is numbers applied in real life?,numbers can be applied in everyday situations as emphasized in the DepEd curriculum.
8,Filipino,Fractions,What is the definition of fractions?,fractions is explained based on the DepEd K–12 learning competency for this grade level.
8,Filipino,Fractions,Why is fractions important?,fractions is important because it helps learners understand key concepts required by the curriculum.
8,Filipino,Fractions,How is fractions applied in real life?,fractions can be applied in everyday situations as emphasized in the DepEd curriculum.
8,Filipino,Cells,What is the definition of cells?,cells is explained based on the DepEd K–12 learning competency for this grade level.
8,Filipino,Cells,Why is cells important?,cells is important because it helps learners understand key concepts required by the curriculum.
8,Filipino,Cells,How is cells applied in real life?,cells can be applied in everyday situations as emphasized in the DepEd curriculum.
8,Filipino,Ecosystems,What is the definition of ecosystems?,ecosystems is explained based on the DepEd K–12 learning competency for this grade level.
8,Filipino,Ecosystems,Why is ecosystems important?,ecosystems is important because it helps learners understand key concepts required by the curriculum.
8,Filipino,Ecosystems,How is ecosystems applied in real life?,ecosystems can be applied in everyday situations as emphasized in the DepEd curriculum.
8,Filipino,Reading Comprehension,What is the definition of reading comprehension?,reading comprehension is explained based on the DepEd K–12 learning competency for this grade level.
8,Filipino,Reading Comprehension,Why is reading comprehension important?,reading comprehension is important because it helps learners understand key concepts required by the curriculum.
8,Filipino,Reading Comprehension,How is reading comprehension applied in real life?,reading comprehension can be applied in everyday situations as emphasized in the DepEd curriculum.
8,Filipino,Grammar,What is the definition of grammar?,grammar is explained based on the DepEd K–12 learning competency for this grade level.
8,Filipino,Grammar,Why is grammar important?,grammar is important because it helps learners understand key concepts required by the curriculum.
8,Filipino,Grammar,How is grammar applied in real life?,grammar can be applied in everyday situations as emphasized in the DepEd curriculum.
8,Filipino,Philippine History,What is the definition of Philippine history?,Philippine history is explained based on the DepEd K–12 learning competency for this grade level.
8,Filipino,Philippine History,Why is Philippine history important?,Philippine history is important because it helps learners understand key concepts required by the curriculum.
8,Filipino,Philippine History,How is Philippine history applied in real life?,Philippine history can be applied in everyday situations as emphasized in the DepEd curriculum.
8,Filipino,Functions,What is the definition of functions?,functions is explained based on the DepEd K–12 learning competency for this grade level.
8,Filipino,Functions,Why is functions important?,functions is important because it helps learners understand key concepts required by the curriculum.
8,Filipino,Functions,How is functions applied in real life?,functions can be applied in everyday situations as emphasized in the DepEd curriculum.
8,Filipino,Climate Change,What is the definition of climate change?,climate change is explained based on the DepEd K–12 learning competency for this grade level.
8,Filipino,Climate Change,Why is climate change important?,climate change is important because it helps learners understand key concepts required by the curriculum.
8,Filipino,Climate Change,How is climate change applied in real life?,climate change can be applied in everyday situations as emphasized in the DepEd curriculum.
8,Filipino,Energy,What is the definition of energy?,energy is explained based on the DepEd K–12 learning competency for this grade level.
8,Filipino,Energy,Why is energy important?,energy is important because it helps learners understand key concepts required by the curriculum.
8,Filipino,Energy,How is energy applied in real life?,energy can be applied in everyday situations as emphasized in the DepEd curriculum.
8,Filipino,Communication Skills,What is the definition of communication skills?,communication skills is explained based on the DepEd K–12 learning competency for this grade level.
8,Filipino,Communication Skills,Why is communication skills important?,communication skills is important because it helps learners understand key concepts required by the curriculum.
8,Filipino,Communication Skills,How is communication skills applied in real life?,communication skills can be applied in everyday situations as emphasized in the DepEd curriculum.
8,Filipino,Data Interpretation,What is the definition of data interpretation?,data interpretation is explained based on the DepEd K–12 learning competency for this grade level.
8,Filipino,Data Interpretation,Why is data interpretation important?,data interpretation is important because it helps learners understand key concepts required by the curriculum.
8,Filipino,Data Interpretation,How is data interpretation applied in real life?,data interpretation can be applied in everyday situations as emphasized in the DepEd curriculum.
8,Araling Panlipunan,Numbers,What is the definition of numbers?,numbers is explained based on the DepEd K–12 learning competency for this grade level.
8,Araling Panlipunan,Numbers,Why is numbers important?,numbers is important because it helps learners understand key concepts required by the curriculum.
8,Araling Panlipunan,Numbers,How is numbers applied in real life?,numbers can be applied in everyday situations as emphasized in the DepEd curriculum.
8,Araling Panlipunan,Fractions,What is the definition of fractions?,fractions is explained based on the DepEd K–12 learning competency for this grade level.
8,Araling Panlipunan,Fractions,Why is fractions important?,fractions is important because it helps learners understand key concepts required by the curriculum.
8,Araling Panlipunan,Fractions,How is fractions applied in real life?,fractions can be applied in everyday situations as emphasized in the DepEd curriculum.
8,Araling Panlipunan,Cells,What is the definition of cells?,cells is explained based on the DepEd K–12 learning competency for this grade level.
8,Araling Panlipunan,Cells,Why is cells important?,cells is important because it helps learners understand key concepts required by the curriculum.
8,Araling Panlipunan,Cells,How is cells applied in real life?,cells can be applied in everyday situations as emphasized in the DepEd curriculum.
8,Araling Panlipunan,Ecosystems,What is the definition of ecosystems?,ecosystems is explained based on the DepEd K–12 learning competency for this grade level.
8,Araling Panlipunan,Ecosystems,Why is ecosystems important?,ecosystems is important because it helps learners understand key concepts required by the curriculum.
8,Araling Panlipunan,Ecosystems,How is ecosystems applied in real life?,ecosystems can be applied in everyday situations as emphasized in the DepEd curriculum.
8,Araling Panlipunan,Reading Comprehension,What is the definition of reading comprehension?,reading comprehension is explained based on the DepEd K–12 learning competency for this grade level.
8,Araling Panlipunan,Reading Comprehension,Why is reading comprehension important?,reading comprehension is important because it helps learners understand key concepts required by the curriculum.
8,Araling Panlipunan,Reading Comprehension,How is reading comprehension applied in real life?,reading comprehension can be applied in everyday situations as emphasized in the DepEd curriculum.
8,Araling Panlipunan,Grammar,What is the definition of grammar?,grammar is explained based on the DepEd K–12 learning competency for this grade level.
8,Araling Panlipunan,Grammar,Why is grammar important?,grammar is important because it helps learners understand key concepts required by the curriculum.
8,Araling Panlipunan,Grammar,How is grammar applied in real life?,grammar can be applied in everyday situations as emphasized in the DepEd curriculum.
8,Araling Panlipunan,Philippine History,What is the definition of Philippine history?,Philippine history is explained based on the DepEd K–12 learning competency for this grade level.
8,Araling Panlipunan,Philippine History,Why is Philippine history important?,Philippine history is important because it helps learners understand key concepts required by the curriculum.
8,Araling Panlipunan,Philippine History,How is Philippine history applied in real life?,Philippine history can be applied in everyday situations as emphasized in the DepEd curriculum.
8,Araling Panlipunan,Functions,What is the definition of functions?,functions is explained based on the DepEd K–12 learning competency for this grade level.
8,Araling Panlipunan,Functions,Why is functions important?,functions is important because it helps learners understand key concepts required by the curriculum.
8,Araling Panlipunan,Functions,How is functions applied in real life?,functions can be applied in everyday situations as emphasized in the DepEd curriculum.
8,Araling Panlipunan,Climate Change,What is the definition of climate change?,climate change is explained based on the DepEd K–12 learning competency for this grade level.
8,Araling Panlipunan,Climate Change,Why is climate change important?,climate change is important because it helps learners understand key concepts required by the curriculum.
8,Araling Panlipunan,Climate Change,How is climate change applied in real life?,climate change can be applied in everyday situations as emphasized in the DepEd curriculum.
8,Araling Panlipunan,Energy,What is the definition of energy?,energy is explained based on the DepEd K–12 learning competency for this grade level.
8,Araling Panlipunan,Energy,Why is energy important?,energy is important because it helps learners understand key concepts required by the curriculum.
8,Araling Panlipunan,Energy,How is energy applied in real life?,energy can be applied in everyday situations as emphasized in the DepEd curriculum.
8,Araling Panlipunan,Communication Skills,What is the definition of communication skills?,communication skills is explained based on the DepEd K–12 learning competency for this grade level.
8,Araling Panlipunan,Communication Skills,Why is communication skills important?,communication skills is important because it helps learners understand key concepts required by the curriculum.
8,Araling Panlipunan,Communication Skills,How is communication skills applied in real life?,communication skills can be applied in everyday situations as emphasized in the DepEd curriculum.
8,Araling Panlipunan,Data Interpretation,What is the definition of data interpretation?,data interpretation is explained based on the DepEd K–12 learning competency for this grade level.
8,Araling Panlipunan,Data Interpretation,Why is data interpretation important?,data interpretation is important because it helps learners understand key concepts required by the curriculum.
8,Araling Panlipunan,Data Interpretation,How is data interpretation applied in real life?,data interpretation can be applied in everyday situations as emphasized in the DepEd curriculum.
9,Mathematics,Numbers,What is the definition of numbers?,numbers is explained based on the DepEd K–12 learning competency for this grade level.
9,Mathematics,Numbers,Why is numbers important?,numbers is important because it helps learners understand key concepts required by the curriculum.
9,Mathematics,Numbers,How is numbers applied in real life?,numbers can be applied in everyday situations as emphasized in the DepEd curriculum.
9,Mathematics,Fractions,What is the definition of fractions?,fractions is explained based on the DepEd K–12 learning competency for this grade level.
9,Mathematics,Fractions,Why is fractions important?,fractions is important because it helps learners understand key concepts required by the curriculum.
9,Mathematics,Fractions,How is fractions applied in real life?,fractions can be applied in everyday situations as emphasized in the DepEd curriculum.
9,Mathematics,Cells,What is the definition of cells?,cells is explained based on the DepEd K–12 learning competency for this grade level.
9,Mathematics,Cells,Why is cells important?,cells is important because it helps learners understand key concepts required by the curriculum.
9,Mathematics,Cells,How is cells applied in real life?,cells can be applied in everyday situations as emphasized in the DepEd curriculum.
9,Mathematics,Ecosystems,What is the definition of ecosystems?,ecosystems is explained based on the DepEd K–12 learning competency for this grade level.
9,Mathematics,Ecosystems,Why is ecosystems important?,ecosystems is important because it helps learners understand key concepts required by the curriculum.
9,Mathematics,Ecosystems,How is ecosystems applied in real life?,ecosystems can be applied in everyday situations as emphasized in the DepEd curriculum.
9,Mathematics,Reading Comprehension,What is the definition of reading comprehension?,reading comprehension is explained based on the DepEd K–12 learning competency for this grade level.
9,Mathematics,Reading Comprehension,Why is reading comprehension important?,reading comprehension is important because it helps learners understand key concepts required by the curriculum.
9,Mathematics,Reading Comprehension,How is reading comprehension applied in real life?,reading comprehension can be applied in everyday situations as emphasized in the DepEd curriculum.
9,Mathematics,Grammar,What is the definition of grammar?,grammar is explained based on the DepEd K–12 learning competency for this grade level.
9,Mathematics,Grammar,Why is grammar important?,grammar is important because it helps learners understand key concepts required by the curriculum.
9,Mathematics,Grammar,How is grammar applied in real life?,grammar can be applied in everyday situations as emphasized in the DepEd curriculum.
9,Mathematics,Philippine History,What is the definition of Philippine history?,Philippine history is explained based on the DepEd K–12 learning competency for this grade level.
9,Mathematics,Philippine History,Why is Philippine history important?,Philippine history is important because it helps learners understand key concepts required by the curriculum.
9,Mathematics,Philippine History,How is Philippine history applied in real life?,Philippine history can be applied in everyday situations as emphasized in the DepEd curriculum.
9,Mathematics,Functions,What is the definition of functions?,functions is explained based on the DepEd K–12 learning competency for this grade level.
9,Mathematics,Functions,Why is functions important?,functions is important because it helps learners understand key concepts required by the curriculum.
9,Mathematics,Functions,How is functions applied in real life?,functions can be applied in everyday situations as emphasized in the DepEd curriculum.
9,Mathematics,Climate Change,What is the definition of climate change?,climate change is explained based on the DepEd K–12 learning competency for this grade level.
9,Mathematics,Climate Change,Why is climate change important?,climate change is important because it helps learners understand key concepts required by the curriculum.
9,Mathematics,Climate Change,How is climate change applied in real life?,climate change can be applied in everyday situations as emphasized in the DepEd curriculum.
9,Mathematics,Energy,What is the definition of energy?,energy is explained based on the DepEd K–12 learning competency for this grade level.
9,Mathematics,Energy,Why is energy important?,energy is important because it helps learners understand key concepts required by the curriculum.
9,Mathematics,Energy,How is energy applied in real life?,energy can be applied in everyday situations as emphasized in the DepEd curriculum.
9,Mathematics,Communication Skills,What is the definition of communication skills?,communication skills is explained based on the DepEd K–12 learning competency for this grade level.
9,Mathematics,Communication Skills,Why is communication skills important?,communication skills is important because it helps learners understand key concepts required by the curriculum.
9,Mathematics,Communication Skills,How is communication skills applied in real life?,communication skills can be applied in everyday situations as emphasized in the DepEd curriculum.
9,Mathematics,Data Interpretation,What is the definition of data interpretation?,data interpretation is explained based on the DepEd K–12 learning competency for this grade level.
9,Mathematics,Data Interpretation,Why is data interpretation important?,data interpretation is important because it helps learners understand key concepts required by the curriculum.
9,Mathematics,Data Interpretation,How is data interpretation applied in real life?,data interpretation can be applied in everyday situations as emphasized in the DepEd curriculum.
9,Science,Numbers,What is the definition of numbers?,numbers is explained based on the DepEd K–12 learning competency for this grade level.
9,Science,Numbers,Why is numbers important?,numbers is important because it helps learners understand key concepts required by the curriculum.
9,Science,Numbers,How is numbers applied in real life?,numbers can be applied in everyday situations as emphasized in the DepEd curriculum.
9,Science,Fractions,What is the definition of fractions?,fractions is explained based on the DepEd K–12 learning competency for this grade level.
9,Science,Fractions,Why is fractions important?,fractions is important because it helps learners understand key concepts required by the curriculum.
9,Science,Fractions,How is fractions applied in real life?,fractions can be applied in everyday situations as emphasized in the DepEd curriculum.
9,Science,Cells,What is the definition of cells?,cells is explained based on the DepEd K–12 learning competency for this grade level.
9,Science,Cells,Why is cells important?,cells is important because it helps learners understand key concepts required by the curriculum.
9,Science,Cells,How is cells applied in real life?,cells can be applied in everyday situations as emphasized in the DepEd curriculum.
9,Science,Ecosystems,What is the definition of ecosystems?,ecosystems is explained based on the DepEd K–12 learning competency for this grade level.
9,Science,Ecosystems,Why is ecosystems important?,ecosystems is important because it helps learners understand key concepts required by the curriculum.
9,Science,Ecosystems,How is ecosystems applied in real life?,ecosystems can be applied in everyday situations as emphasized in the DepEd curriculum.
9,Science,Reading Comprehension,What is the definition of reading comprehension?,reading comprehension is explained based on the DepEd K–12 learning competency for this grade level.
9,Science,Reading Comprehension,Why is reading comprehension important?,reading comprehension is important because it helps learners understand key concepts required by the curriculum.
9,Science,Reading Comprehension,How is reading comprehension applied in real life?,reading comprehension can be applied in everyday situations as emphasized in the DepEd curriculum.
9,Science,Grammar,What is the definition of grammar?,grammar is explained based on the DepEd K–12 learning competency for this grade level.
9,Science,Grammar,Why is grammar important?,grammar is important because it helps learners understand key concepts required by the curriculum.
9,Science,Grammar,How is grammar applied in real life?,grammar can be applied in everyday situations as emphasized in the DepEd curriculum.
9,Science,Philippine History,What is the definition of Philippine history?,Philippine history is explained based on the DepEd K–12 learning competency for this grade level.
9,Science,Philippine History,Why is Philippine history important?,Philippine history is important because it helps learners understand key concepts required by the curriculum.
9,Science,Philippine History,How is Philippine history applied in real life?,Philippine history can be applied in everyday situations as emphasized in the DepEd curriculum.
9,Science,Functions,What is the definition of functions?,functions is explained based on the DepEd K–12 learning competency for this grade level.
9,Science,Functions,Why is functions important?,functions is important because it helps learners understand key concepts required by the curriculum.
9,Science,Functions,How is functions applied in real life?,functions can be applied in everyday situations as emphasized in the DepEd curriculum.
9,Science,Climate Change,What is the definition of climate change?,climate change is explained based on the DepEd K–12 learning competency for this grade level.
9,Science,Climate Change,Why is climate change important?,climate change is important because it helps learners understand key concepts required by the curriculum.
9,Science,Climate Change,How is climate change applied in real life?,climate change can be applied in everyday situations as emphasized in the DepEd curriculum.
9,Science,Energy,What is the definition of energy?,energy is explained based on the DepEd K–12 learning competency for this grade level.
9,Science,Energy,Why is energy important?,energy is important because it helps learners understand key concepts required by the curriculum.
9,Science,Energy,How is energy applied in real life?,energy can be applied in everyday situations as emphasized in the DepEd curriculum.
9,Science,Communication Skills,What is the definition of communication skills?,communication skills is explained based on the DepEd K–12 learning competency for this grade level.
9,Science,Communication Skills,Why is communication skills important?,communication skills is important because it helps learners understand key concepts required by the curriculum.
9,Science,Communication Skills,How is communication skills applied in real life?,communication skills can be applied in everyday situations as emphasized in the DepEd curriculum.
9,Science,Data Interpretation,What is the definition of data interpretation?,data interpretation is explained based on the DepEd K–12 learning competency for this grade level.
9,Science,Data Interpretation,Why is data interpretation important?,data interpretation is important because it helps learners understand key concepts required by the curriculum.
9,Science,Data Interpretation,How is data interpretation applied in real life?,data interpretation can be applied in everyday situations as emphasized in the DepEd curriculum.
9,English,Numbers,What is the definition of numbers?,numbers is explained based on the DepEd K–12 learning competency for this grade level.
9,English,Numbers,Why is numbers important?,numbers is important because it helps learners understand key concepts required by the curriculum.
9,English,Numbers,How is numbers applied in real life?,numbers can be applied in everyday situations as emphasized in the DepEd curriculum.
9,English,Fractions,What is the definition of fractions?,fractions is explained based on the DepEd K–12 learning competency for this grade level.
9,English,Fractions,Why is fractions important?,fractions is important because it helps learners understand key concepts required by the curriculum.
9,English,Fractions,How is fractions applied in real life?,fractions can be applied in everyday situations as emphasized in the DepEd curriculum.
9,English,Cells,What is the definition of cells?,cells is explained based on the DepEd K–12 learning competency for this grade level.
9,English,Cells,Why is cells important?,cells is important because it helps learners understand key concepts required by the curriculum.
9,English,Cells,How is cells applied in real life?,cells can be applied in everyday situations as emphasized in the DepEd curriculum.
9,English,Ecosystems,What is the definition of ecosystems?,ecosystems is explained based on the DepEd K–12 learning competency for this grade level.
9,English,Ecosystems,Why is ecosystems important?,ecosystems is important because it helps learners understand key concepts required by the curriculum.
9,English,Ecosystems,How is ecosystems applied in real life?,ecosystems can be applied in everyday situations as emphasized in the DepEd curriculum.
9,English,Reading Comprehension,What is the definition of reading comprehension?,reading comprehension is explained based on the DepEd K–12 learning competency for this grade level.
9,English,Reading Comprehension,Why is reading comprehension important?,reading comprehension is important because it helps learners understand key concepts required by the curriculum.
9,English,Reading Comprehension,How is reading comprehension applied in real life?,reading comprehension can be applied in everyday situations as emphasized in the DepEd curriculum.
9,English,Grammar,What is the definition of grammar?,grammar is explained based on the DepEd K–12 learning competency for this grade level.
9,English,Grammar,Why is grammar important?,grammar is important because it helps learners understand key concepts required by the curriculum.
9,English,Grammar,How is grammar applied in real life?,grammar can be applied in everyday situations as emphasized in the DepEd curriculum.
9,English,Philippine History,What is the definition of Philippine history?,Philippine history is explained based on the DepEd K–12 learning competency for this grade level.
9,English,Philippine History,Why is Philippine history important?,Philippine history is important because it helps learners understand key concepts required by the curriculum.
9,English,Philippine History,How is Philippine history applied in real life?,Philippine history can be applied in everyday situations as emphasized in the DepEd curriculum.
9,English,Functions,What is the definition of functions?,functions is explained based on the DepEd K–12 learning competency for this grade level.
9,English,Functions,Why is functions important?,functions is important because it helps learners understand key concepts required by the curriculum.
9,English,Functions,How is functions applied in real life?,functions can be applied in everyday situations as emphasized in the DepEd curriculum.
9,English,Climate Change,What is the definition of climate change?,climate change is explained based on the DepEd K–12 learning competency for this grade level.
9,English,Climate Change,Why is climate change important?,climate change is important because it helps learners understand key concepts required by the curriculum.
9,English,Climate Change,How is climate change applied in real life?,climate change can be applied in everyday situations as emphasized in the DepEd curriculum.
9,English,Energy,What is the definition of energy?,energy is explained based on the DepEd K–12 learning competency for this grade level.
9,English,Energy,Why is energy important?,energy is important because it helps learners understand key concepts required by the curriculum.
9,English,Energy,How is energy applied in real life?,energy can be applied in everyday situations as emphasized in the DepEd curriculum.
9,English,Communication Skills,What is the definition of communication skills?,communication skills is explained based on the DepEd K–12 learning competency for this grade level.
9,English,Communication Skills,Why is communication skills important?,communication skills is important because it helps learners understand key concepts required by the curriculum.
9,English,Communication Skills,How is communication skills applied in real life?,communication skills can be applied in everyday situations as emphasized in the DepEd curriculum.
9,English,Data Interpretation,What is the definition of data interpretation?,data interpretation is explained based on the DepEd K–12 learning competency for this grade level.
9,English,Data Interpretation,Why is data interpretation important?,data interpretation is important because it helps learners understand key concepts required by the curriculum.
9,English,Data Interpretation,How is data interpretation applied in real life?,data interpretation can be applied in everyday situations as emphasized in the DepEd curriculum.
9,Filipino,Numbers,What is the definition of numbers?,numbers is explained based on the DepEd K–12 learning competency for this grade level.
9,Filipino,Numbers,Why is numbers important?,numbers is important because it helps learners understand key concepts required by the curriculum.
9,Filipino,Numbers,How is numbers applied in real life?,numbers can be applied in everyday situations as emphasized in the DepEd curriculum.
9,Filipino,Fractions,What is the definition of fractions?,fractions is explained based on the DepEd K–12 learning competency for this grade level.
9,Filipino,Fractions,Why is fractions important?,fractions is important because it helps learners understand key concepts required by the curriculum.
9,Filipino,Fractions,How is fractions applied in real life?,fractions can be applied in everyday situations as emphasized in the DepEd curriculum.
9,Filipino,Cells,What is the definition of cells?,cells is explained based on the DepEd K–12 learning competency for this grade level.
9,Filipino,Cells,Why is cells important?,cells is important because it helps learners understand key concepts required by the curriculum.
9,Filipino,Cells,How is cells applied in real life?,cells can be applied in everyday situations as emphasized in the DepEd curriculum.
9,Filipino,Ecosystems,What is the definition of ecosystems?,ecosystems is explained based on the DepEd K–12 learning competency for this grade level.
9,Filipino,Ecosystems,Why is ecosystems important?,ecosystems is important because it helps learners understand key concepts required by the curriculum.
9,Filipino,Ecosystems,How is ecosystems applied in real life?,ecosystems can be applied in everyday situations as emphasized in the DepEd curriculum.
9,Filipino,Reading Comprehension,What is the definition of reading comprehension?,reading comprehension is explained based on the DepEd K–12 learning competency for this grade level.
9,Filipino,Reading Comprehension,Why is reading comprehension important?,reading comprehension is important because it helps learners understand key concepts required by the curriculum.
9,Filipino,Reading Comprehension,How is reading comprehension applied in real life?,reading comprehension can be applied in everyday situations as emphasized in the DepEd curriculum.
9,Filipino,Grammar,What is the definition of grammar?,grammar is explained based on the DepEd K–12 learning competency for this grade level.
9,Filipino,Grammar,Why is grammar important?,grammar is important because it helps learners understand key concepts required by the curriculum.
9,Filipino,Grammar,How is grammar applied in real life?,grammar can be applied in everyday situations as emphasized in the DepEd curriculum.
9,Filipino,Philippine History,What is the definition of Philippine history?,Philippine history is explained based on the DepEd K–12 learning competency for this grade level.
9,Filipino,Philippine History,Why is Philippine history important?,Philippine history is important because it helps learners understand key concepts required by the curriculum.
9,Filipino,Philippine History,How is Philippine history applied in real life?,Philippine history can be applied in everyday situations as emphasized in the DepEd curriculum.
9,Filipino,Functions,What is the definition of functions?,functions is explained based on the DepEd K–12 learning competency for this grade level.
9,Filipino,Functions,Why is functions important?,functions is important because it helps learners understand key concepts required by the curriculum.
9,Filipino,Functions,How is functions applied in real life?,functions can be applied in everyday situations as emphasized in the DepEd curriculum.
9,Filipino,Climate Change,What is the definition of climate change?,climate change is explained based on the DepEd K–12 learning competency for this grade level.
9,Filipino,Climate Change,Why is climate change important?,climate change is important because it helps learners understand key concepts required by the curriculum.
9,Filipino,Climate Change,How is climate change applied in real life?,climate change can be applied in everyday situations as emphasized in the DepEd curriculum.
9,Filipino,Energy,What is the definition of energy?,energy is explained based on the DepEd K–12 learning competency for this grade level.
9,Filipino,Energy,Why is energy important?,energy is important because it helps learners understand key concepts required by the curriculum.
9,Filipino,Energy,How is energy applied in real life?,energy can be applied in everyday situations as emphasized in the DepEd curriculum.
9,Filipino,Communication Skills,What is the definition of communication skills?,communication skills is explained based on the DepEd K–12 learning competency for this grade level.
9,Filipino,Communication Skills,Why is communication skills important?,communication skills is important because it helps learners understand key concepts required by the curriculum.
9,Filipino,Communication Skills,How is communication skills applied in real life?,communication skills can be applied in everyday situations as emphasized in the DepEd curriculum.
9,Filipino,Data Interpretation,What is the definition of data interpretation?,data interpretation is explained based on the DepEd K–12 learning competency for this grade level.
9,Filipino,Data Interpretation,Why is data interpretation important?,data interpretation is important because it helps learners understand key concepts required by the curriculum.
9,Filipino,Data Interpretation,How is data interpretation applied in real life?,data interpretation can be applied in everyday situations as emphasized in the DepEd curriculum.
9,Araling Panlipunan,Numbers,What is the definition of numbers?,numbers is explained based on the DepEd K–12 learning competency for this grade level.
9,Araling Panlipunan,Numbers,Why is numbers important?,numbers is important because it helps learners understand key concepts required by the curriculum.
9,Araling Panlipunan,Numbers,How is numbers applied in real life?,numbers can be applied in everyday situations as emphasized in the DepEd curriculum.
9,Araling Panlipunan,Fractions,What is the definition of fractions?,fractions is explained based on the DepEd K–12 learning competency for this grade level.
9,Araling Panlipunan,Fractions,Why is fractions important?,fractions is important because it helps learners understand key concepts required by the curriculum.
9,Araling Panlipunan,Fractions,How is fractions applied in real life?,fractions can be applied in everyday situations as emphasized in the DepEd curriculum.
9,Araling Panlipunan,Cells,What is the definition of cells?,cells is explained based on the DepEd K–12 learning competency for this grade level.
9,Araling Panlipunan,Cells,Why is cells important?,cells is important because it helps learners understand key concepts required by the curriculum.
9,Araling Panlipunan,Cells,How is cells applied in real life?,cells can be applied in everyday situations as emphasized in the DepEd curriculum.
9,Araling Panlipunan,Ecosystems,What is the definition of ecosystems?,ecosystems is explained based on the DepEd K–12 learning competency for this grade level.
9,Araling Panlipunan,Ecosystems,Why is ecosystems important?,ecosystems is important because it helps learners understand key concepts required by the curriculum.
9,Araling Panlipunan,Ecosystems,How is ecosystems applied in real life?,ecosystems can be applied in everyday situations as emphasized in the DepEd curriculum.
9,Araling Panlipunan,Reading Comprehension,What is the definition of reading comprehension?,reading comprehension is explained based on the DepEd K–12 learning competency for this grade level.
9,Araling Panlipunan,Reading Comprehension,Why is reading comprehension important?,reading comprehension is important because it helps learners understand key concepts required by the curriculum.
9,Araling Panlipunan,Reading Comprehension,How is reading comprehension applied in real life?,reading comprehension can be applied in everyday situations as emphasized in the DepEd curriculum.
9,Araling Panlipunan,Grammar,What is the definition of grammar?,grammar is explained based on the DepEd K–12 learning competency for this grade level.
9,Araling Panlipunan,Grammar,Why is grammar important?,grammar is important because it helps learners understand key concepts required by the curriculum.
9,Araling Panlipunan,Grammar,How is grammar applied in real life?,grammar can be applied in everyday situations as emphasized in the DepEd curriculum.
9,Araling Panlipunan,Philippine History,What is the definition of Philippine history?,Philippine history is explained based on the DepEd K–12 learning competency for this grade level.
9,Araling Panlipunan,Philippine History,Why is Philippine history important?,Philippine history is important because it helps learners understand key concepts required by the curriculum.
9,Araling Panlipunan,Philippine History,How is Philippine history applied in real life?,Philippine history can be applied in everyday situations as emphasized in the DepEd curriculum.
9,Araling Panlipunan,Functions,What is the definition of functions?,functions is explained based on the DepEd K–12 learning competency for this grade level.
9,Araling Panlipunan,Functions,Why is functions important?,functions is important because it helps learners understand key concepts required by the curriculum.
9,Araling Panlipunan,Functions,How is functions applied in real life?,functions can be applied in everyday situations as emphasized in the DepEd curriculum.
9,Araling Panlipunan,Climate Change,What is the definition of climate change?,climate change is explained based on the DepEd K–12 learning competency for this grade level.
9,Araling Panlipunan,Climate Change,Why is climate change important?,climate change is important because it helps learners understand key concepts required by the curriculum.
9,Araling Panlipunan,Climate Change,How is climate change applied in real life?,climate change can be applied in everyday situations as emphasized in the DepEd curriculum.
9,Araling Panlipunan,Energy,What is the definition of energy?,energy is explained based on the DepEd K–12 learning competency for this grade level.
9,Araling Panlipunan,Energy,Why is energy important?,energy is important because it helps learners understand key concepts required by the curriculum.
9,Araling Panlipunan,Energy,How is energy applied in real life?,energy can be applied in everyday situations as emphasized in the DepEd curriculum.
9,Araling Panlipunan,Communication Skills,What is the definition of communication skills?,communication skills is explained based on the DepEd K–12 learning competency for this grade level.
9,Araling Panlipunan,Communication Skills,Why is communication skills important?,communication skills is important because it helps learners understand key concepts required by the curriculum.
9,Araling Panlipunan,Communication Skills,How is communication skills applied in real life?,communication skills can be applied in everyday situations as emphasized in the DepEd curriculum.
9,Araling Panlipunan,Data Interpretation,What is the definition of data interpretation?,data interpretation is explained based on the DepEd K–12 learning competency for this grade level.
9,Araling Panlipunan,Data Interpretation,Why is data interpretation important?,data interpretation is important because it helps learners understand key concepts required by the curriculum.
9,Araling Panlipunan,Data Interpretation,How is data interpretation applied in real life?,data interpretation can be applied in everyday situations as emphasized in the DepEd curriculum.
10,Mathematics,Numbers,What is the definition of numbers?,numbers is explained based on the DepEd K–12 learning competency for this grade level.
10,Mathematics,Numbers,Why is numbers important?,numbers is important because it helps learners understand key concepts required by the curriculum.
10,Mathematics,Numbers,How is numbers applied in real life?,numbers can be applied in everyday situations as emphasized in the DepEd curriculum.
10,Mathematics,Fractions,What is the definition of fractions?,fractions is explained based on the DepEd K–12 learning competency for this grade level.
10,Mathematics,Fractions,Why is fractions important?,fractions is important because it helps learners understand key concepts required by the curriculum.
10,Mathematics,Fractions,How is fractions applied in real life?,fractions can be applied in everyday situations as emphasized in the DepEd curriculum.
10,Mathematics,Cells,What is the definition of cells?,cells is explained based on the DepEd K–12 learning competency for this grade level.
10,Mathematics,Cells,Why is cells important?,cells is important because it helps learners understand key concepts required by the curriculum.
10,Mathematics,Cells,How is cells applied in real life?,cells can be applied in everyday situations as emphasized in the DepEd curriculum.
10,Mathematics,Ecosystems,What is the definition of ecosystems?,ecosystems is explained based on the DepEd K–12 learning competency for this grade level.
10,Mathematics,Ecosystems,Why is ecosystems important?,ecosystems is important because it helps learners understand key concepts required by the curriculum.
10,Mathematics,Ecosystems,How is ecosystems applied in real life?,ecosystems can be applied in everyday situations as emphasized in the DepEd curriculum.
10,Mathematics,Reading Comprehension,What is the definition of reading comprehension?,reading comprehension is explained based on the DepEd K–12 learning competency for this grade level.
10,Mathematics,Reading Comprehension,Why is reading comprehension important?,reading comprehension is important because it helps learners understand key concepts required by the curriculum.
10,Mathematics,Reading Comprehension,How is reading comprehension applied in real life?,reading comprehension can be applied in everyday situations as emphasized in the DepEd curriculum.
10,Mathematics,Grammar,What is the definition of grammar?,grammar is explained based on the DepEd K–12 learning competency for this grade level.
10,Mathematics,Grammar,Why is grammar important?,grammar is important because it helps learners understand key concepts required by the curriculum.
10,Mathematics,Grammar,How is grammar applied in real life?,grammar can be applied in everyday situations as emphasized in the DepEd curriculum.
10,Mathematics,Philippine History,What is the definition of Philippine history?,Philippine history is explained based on the DepEd K–12 learning competency for this grade level.
10,Mathematics,Philippine History,Why is Philippine history important?,Philippine history is important because it helps learners understand key concepts required by the curriculum.
10,Mathematics,Philippine History,How is Philippine history applied in real life?,Philippine history can be applied in everyday situations as emphasized in the DepEd curriculum.
10,Mathematics,Functions,What is the definition of functions?,functions is explained based on the DepEd K–12 learning competency for this grade level.
10,Mathematics,Functions,Why is functions important?,functions is important because it helps learners understand key concepts required by the curriculum.
10,Mathematics,Functions,How is functions applied in real life?,functions can be applied in everyday situations as emphasized in the DepEd curriculum.
10,Mathematics,Climate Change,What is the definition of climate change?,climate change is explained based on the DepEd K–12 learning competency for this grade level.
10,Mathematics,Climate Change,Why is climate change important?,climate change is important because it helps learners understand key concepts required by the curriculum.
10,Mathematics,Climate Change,How is climate change applied in real life?,climate change can be applied in everyday situations as emphasized in the DepEd curriculum.
10,Mathematics,Energy,What is the definition of energy?,energy is explained based on the DepEd K–12 learning competency for this grade level.
10,Mathematics,Energy,Why is energy important?,energy is important because it helps learners understand key concepts required by the curriculum.
10,Mathematics,Energy,How is energy applied in real life?,energy can be applied in everyday situations as emphasized in the DepEd curriculum.
10,Mathematics,Communication Skills,What is the definition of communication skills?,communication skills is explained based on the DepEd K–12 learning competency for this grade level.
10,Mathematics,Communication Skills,Why is communication skills important?,communication skills is important because it helps learners understand key concepts required by the curriculum.
10,Mathematics,Communication Skills,How is communication skills applied in real life?,communication skills can be applied in everyday situations as emphasized in the DepEd curriculum.
10,Mathematics,Data Interpretation,What is the definition of data interpretation?,data interpretation is explained based on the DepEd K–12 learning competency for this grade level.
10,Mathematics,Data Interpretation,Why is data interpretation important?,data interpretation is important because it helps learners understand key concepts required by the curriculum.
10,Mathematics,Data Interpretation,How is data interpretation applied in real life?,data interpretation can be applied in everyday situations as emphasized in the DepEd curriculum.
10,Science,Numbers,What is the definition of numbers?,numbers is explained based on the DepEd K–12 learning competency for this grade level.
10,Science,Numbers,Why is numbers important?,numbers is important because it helps learners understand key concepts required by the curriculum.
10,Science,Numbers,How is numbers applied in real life?,numbers can be applied in everyday situations as emphasized in the DepEd curriculum.
10,Science,Fractions,What is the definition of fractions?,fractions is explained based on the DepEd K–12 learning competency for this grade level.
10,Science,Fractions,Why is fractions important?,fractions is important because it helps learners understand key concepts required by the curriculum.
10,Science,Fractions,How is fractions applied in real life?,fractions can be applied in everyday situations as emphasized in the DepEd curriculum.
10,Science,Cells,What is the definition of cells?,cells is explained based on the DepEd K–12 learning competency for this grade level.
10,Science,Cells,Why is cells important?,cells is important because it helps learners understand key concepts required by the curriculum.
10,Science,Cells,How is cells applied in real life?,cells can be applied in everyday situations as emphasized in the DepEd curriculum.
10,Science,Ecosystems,What is the definition of ecosystems?,ecosystems is explained based on the DepEd K–12 learning competency for this grade level.
10,Science,Ecosystems,Why is ecosystems important?,ecosystems is important because it helps learners understand key concepts required by the curriculum.
10,Science,Ecosystems,How is ecosystems applied in real life?,ecosystems can be applied in everyday situations as emphasized in the DepEd curriculum.
10,Science,Reading Comprehension,What is the definition of reading comprehension?,reading comprehension is explained based on the DepEd K–12 learning competency for this grade level.
10,Science,Reading Comprehension,Why is reading comprehension important?,reading comprehension is important because it helps learners understand key concepts required by the curriculum.
10,Science,Reading Comprehension,How is reading comprehension applied in real life?,reading comprehension can be applied in everyday situations as emphasized in the DepEd curriculum.
10,Science,Grammar,What is the definition of grammar?,grammar is explained based on the DepEd K–12 learning competency for this grade level.
10,Science,Grammar,Why is grammar important?,grammar is important because it helps learners understand key concepts required by the curriculum.
10,Science,Grammar,How is grammar applied in real life?,grammar can be applied in everyday situations as emphasized in the DepEd curriculum.
10,Science,Philippine History,What is the definition of Philippine history?,Philippine history is explained based on the DepEd K–12 learning competency for this grade level.
10,Science,Philippine History,Why is Philippine history important?,Philippine history is important because it helps learners understand key concepts required by the curriculum.
10,Science,Philippine History,How is Philippine history applied in real life?,Philippine history can be applied in everyday situations as emphasized in the DepEd curriculum.
10,Science,Functions,What is the definition of functions?,functions is explained based on the DepEd K–12 learning competency for this grade level.
10,Science,Functions,Why is functions important?,functions is important because it helps learners understand key concepts required by the curriculum.
10,Science,Functions,How is functions applied in real life?,functions can be applied in everyday situations as emphasized in the DepEd curriculum.
10,Science,Climate Change,What is the definition of climate change?,climate change is explained based on the DepEd K–12 learning competency for this grade level.
10,Science,Climate Change,Why is climate change important?,climate change is important because it helps learners understand key concepts required by the curriculum.
10,Science,Climate Change,How is climate change applied in real life?,climate change can be applied in everyday situations as emphasized in the DepEd curriculum.
10,Science,Energy,What is the definition of energy?,energy is explained based on the DepEd K–12 learning competency for this grade level.
10,Science,Energy,Why is energy important?,energy is important because it helps learners understand key concepts required by the curriculum.
10,Science,Energy,How is energy applied in real life?,energy can be applied in everyday situations as emphasized in the DepEd curriculum.
10,Science,Communication Skills,What is the definition of communication skills?,communication skills is explained based on the DepEd K–12 learning competency for this grade level.
10,Science,Communication Skills,Why is communication skills important?,communication skills is important because it helps learners understand key concepts required by the curriculum.
10,Science,Communication Skills,How is communication skills applied in real life?,communication skills can be applied in everyday situations as emphasized in the DepEd curriculum.
10,Science,Data Interpretation,What is the definition of data interpretation?,data interpretation is explained based on the DepEd K–12 learning competency for this grade level.
10,Science,Data Interpretation,Why is data interpretation important?,data interpretation is important because it helps learners understand key concepts required by the curriculum.
10,Science,Data Interpretation,How is data interpretation applied in real life?,data interpretation can be applied in everyday situations as emphasized in the DepEd curriculum.
10,English,Numbers,What is the definition of numbers?,numbers is explained based on the DepEd K–12 learning competency for this grade level.
10,English,Numbers,Why is numbers important?,numbers is important because it helps learners understand key concepts required by the curriculum.
10,English,Numbers,How is numbers applied in real life?,numbers can be applied in everyday situations as emphasized in the DepEd curriculum.
10,English,Fractions,What is the definition of fractions?,fractions is explained based on the DepEd K–12 learning competency for this grade level.
10,English,Fractions,Why is fractions important?,fractions is important because it helps learners understand key concepts required by the curriculum.
10,English,Fractions,How is fractions applied in real life?,fractions can be applied in everyday situations as emphasized in the DepEd curriculum.
10,English,Cells,What is the definition of cells?,cells is explained based on the DepEd K–12 learning competency for this grade level.
10,English,Cells,Why is cells important?,cells is important because it helps learners understand key concepts required by the curriculum.
10,English,Cells,How is cells applied in real life?,cells can be applied in everyday situations as emphasized in the DepEd curriculum.
10,English,Ecosystems,What is the definition of ecosystems?,ecosystems is explained based on the DepEd K–12 learning competency for this grade level.
10,English,Ecosystems,Why is ecosystems important?,ecosystems is important because it helps learners understand key concepts required by the curriculum.
10,English,Ecosystems,How is ecosystems applied in real life?,ecosystems can be applied in everyday situations as emphasized in the DepEd curriculum.
10,English,Reading Comprehension,What is the definition of reading comprehension?,reading comprehension is explained based on the DepEd K–12 learning competency for this grade level.
10,English,Reading Comprehension,Why is reading comprehension important?,reading comprehension is important because it helps learners understand key concepts required by the curriculum.
10,English,Reading Comprehension,How is reading comprehension applied in real life?,reading comprehension can be applied in everyday situations as emphasized in the DepEd curriculum.
10,English,Grammar,What is the definition of grammar?,grammar is explained based on the DepEd K–12 learning competency for this grade level.
10,English,Grammar,Why is grammar important?,grammar is important because it helps learners understand key concepts required by the curriculum.
10,English,Grammar,How is grammar applied in real life?,grammar can be applied in everyday situations as emphasized in the DepEd curriculum.
10,English,Philippine History,What is the definition of Philippine history?,Philippine history is explained based on the DepEd K–12 learning competency for this grade level.
10,English,Philippine History,Why is Philippine history important?,Philippine history is important because it helps learners understand key concepts required by the curriculum.
10,English,Philippine History,How is Philippine history applied in real life?,Philippine history can be applied in everyday situations as emphasized in the DepEd curriculum.
10,English,Functions,What is the definition of functions?,functions is explained based on the DepEd K–12 learning competency for this grade level.
10,English,Functions,Why is functions important?,functions is important because it helps learners understand key concepts required by the curriculum.
10,English,Functions,How is functions applied in real life?,functions can be applied in everyday situations as emphasized in the DepEd curriculum.
10,English,Climate Change,What is the definition of climate change?,climate change is explained based on the DepEd K–12 learning competency for this grade level.
10,English,Climate Change,Why is climate change important?,climate change is important because it helps learners understand key concepts required by the curriculum.
10,English,Climate Change,How is climate change applied in real life?,climate change can be applied in everyday situations as emphasized in the DepEd curriculum.
10,English,Energy,What is the definition of energy?,energy is explained based on the DepEd K–12 learning competency for this grade level.
10,English,Energy,Why is energy important?,energy is important because it helps learners understand key concepts required by the curriculum.
10,English,Energy,How is energy applied in real life?,energy can be applied in everyday situations as emphasized in the DepEd curriculum.
10,English,Communication Skills,What is the definition of communication skills?,communication skills is explained based on the DepEd K–12 learning competency for this grade level.
10,English,Communication Skills,Why is communication skills important?,communication skills is important because it helps learners understand key concepts required by the curriculum.
10,English,Communication Skills,How is communication skills applied in real life?,communication skills can be applied in everyday situations as emphasized in the DepEd curriculum.
10,English,Data Interpretation,What is the definition of data interpretation?,data interpretation is explained based on the DepEd K–12 learning competency for this grade level.
10,English,Data Interpretation,Why is data interpretation important?,data interpretation is important because it helps learners understand key concepts required by the curriculum.
10,English,Data Interpretation,How is data interpretation applied in real life?,data interpretation can be applied in everyday situations as emphasized in the DepEd curriculum.
10,Filipino,Numbers,What is the definition of numbers?,numbers is explained based on the DepEd K–12 learning competency for this grade level.
10,Filipino,Numbers,Why is numbers important?,numbers is important because it helps learners understand key concepts required by the curriculum.
10,Filipino,Numbers,How is numbers applied in real life?,numbers can be applied in everyday situations as emphasized in the DepEd curriculum.
10,Filipino,Fractions,What is the definition of fractions?,fractions is explained based on the DepEd K–12 learning competency for this grade level.
10,Filipino,Fractions,Why is fractions important?,fractions is important because it helps learners understand key concepts required by the curriculum.
10,Filipino,Fractions,How is fractions applied in real life?,fractions can be applied in everyday situations as emphasized in the DepEd curriculum.
10,Filipino,Cells,What is the definition of cells?,cells is explained based on the DepEd K–12 learning competency for this grade level.
10,Filipino,Cells,Why is cells important?,cells is important because it helps learners understand key concepts required by the curriculum.
10,Filipino,Cells,How is cells applied in real life?,cells can be applied in everyday situations as emphasized in the DepEd curriculum.
10,Filipino,Ecosystems,What is the definition of ecosystems?,ecosystems is explained based on the DepEd K–12 learning competency for this grade level.
10,Filipino,Ecosystems,Why is ecosystems important?,ecosystems is important because it helps learners understand key concepts required by the curriculum.
10,Filipino,Ecosystems,How is ecosystems applied in real life?,ecosystems can be applied in everyday situations as emphasized in the DepEd curriculum.
10,Filipino,Reading Comprehension,What is the definition of reading comprehension?,reading comprehension is explained based on the DepEd K–12 learning competency for this grade level.
10,Filipino,Reading Comprehension,Why is reading comprehension important?,reading comprehension is important because it helps learners understand key concepts required by the curriculum.
10,Filipino,Reading Comprehension,How is reading comprehension applied in real life?,reading comprehension can be applied in everyday situations as emphasized in the DepEd curriculum.
10,Filipino,Grammar,What is the definition of grammar?,grammar is explained based on the DepEd K–12 learning competency for this grade level.
10,Filipino,Grammar,Why is grammar important?,grammar is important because it helps learners understand key concepts required by the curriculum.
10,Filipino,Grammar,How is grammar applied in real life?,grammar can be applied in everyday situations as emphasized in the DepEd curriculum.
10,Filipino,Philippine History,What is the definition of Philippine history?,Philippine history is explained based on the DepEd K–12 learning competency for this grade level.
10,Filipino,Philippine History,Why is Philippine history important?,Philippine history is important because it helps learners understand key concepts required by the curriculum.
10,Filipino,Philippine History,How is Philippine history applied in real life?,Philippine history can be applied in everyday situations as emphasized in the DepEd curriculum.
10,Filipino,Functions,What is the definition of functions?,functions is explained based on the DepEd K–12 learning competency for this grade level.
10,Filipino,Functions,Why is functions important?,functions is important because it helps learners understand key concepts required by the curriculum.
10,Filipino,Functions,How is functions applied in real life?,functions can be applied in everyday situations as emphasized in the DepEd curriculum.
10,Filipino,Climate Change,What is the definition of climate change?,climate change is explained based on the DepEd K–12 learning competency for this grade level.
10,Filipino,Climate Change,Why is climate change important?,climate change is important because it helps learners understand key concepts required by the curriculum.
10,Filipino,Climate Change,How is climate change applied in real life?,climate change can be applied in everyday situations as emphasized in the DepEd curriculum.
10,Filipino,Energy,What is the definition of energy?,energy is explained based on the DepEd K–12 learning competency for this grade level.
10,Filipino,Energy,Why is energy important?,energy is important because it helps learners understand key concepts required by the curriculum.
10,Filipino,Energy,How is energy applied in real life?,energy can be applied in everyday situations as emphasized in the DepEd curriculum.
10,Filipino,Communication Skills,What is the definition of communication skills?,communication skills is explained based on the DepEd K–12 learning competency for this grade level.
10,Filipino,Communication Skills,Why is communication skills important?,communication skills is important because it helps learners understand key concepts required by the curriculum.
10,Filipino,Communication Skills,How is communication skills applied in real life?,communication skills can be applied in everyday situations as emphasized in the DepEd curriculum.
10,Filipino,Data Interpretation,What is the definition of data interpretation?,data interpretation is explained based on the DepEd K–12 learning competency for this grade level.
10,Filipino,Data Interpretation,Why is data interpretation important?,data interpretation is important because it helps learners understand key concepts required by the curriculum.
10,Filipino,Data Interpretation,How is data interpretation applied in real life?,data interpretation can be applied in everyday situations as emphasized in the DepEd curriculum.
10,Araling Panlipunan,Numbers,What is the definition of numbers?,numbers is explained based on the DepEd K–12 learning competency for this grade level.
10,Araling Panlipunan,Numbers,Why is numbers important?,numbers is important because it helps learners understand key concepts required by the curriculum.
10,Araling Panlipunan,Numbers,How is numbers applied in real life?,numbers can be applied in everyday situations as emphasized in the DepEd curriculum.
10,Araling Panlipunan,Fractions,What is the definition of fractions?,fractions is explained based on the DepEd K–12 learning competency for this grade level.
10,Araling Panlipunan,Fractions,Why is fractions important?,fractions is important because it helps learners understand key concepts required by the curriculum.
10,Araling Panlipunan,Fractions,How is fractions applied in real life?,fractions can be applied in everyday situations as emphasized in the DepEd curriculum.
10,Araling Panlipunan,Cells,What is the definition of cells?,cells is explained based on the DepEd K–12 learning competency for this grade level.
10,Araling Panlipunan,Cells,Why is cells important?,cells is important because it helps learners understand key concepts required by the curriculum.
10,Araling Panlipunan,Cells,How is cells applied in real life?,cells can be applied in everyday situations as emphasized in the DepEd curriculum.
10,Araling Panlipunan,Ecosystems,What is the definition of ecosystems?,ecosystems is explained based on the DepEd K–12 learning competency for this grade level.
10,Araling Panlipunan,Ecosystems,Why is ecosystems important?,ecosystems is important because it helps learners understand key concepts required by the curriculum.
10,Araling Panlipunan,Ecosystems,How is ecosystems applied in real life?,ecosystems can be applied in everyday situations as emphasized in the DepEd curriculum.
10,Araling Panlipunan,Reading Comprehension,What is the definition of reading comprehension?,reading comprehension is explained based on the DepEd K–12 learning competency for this grade level.
10,Araling Panlipunan,Reading Comprehension,Why is reading comprehension important?,reading comprehension is important because it helps learners understand key concepts required by the curriculum.
10,Araling Panlipunan,Reading Comprehension,How is reading comprehension applied in real life?,reading comprehension can be applied in everyday situations as emphasized in the DepEd curriculum.
10,Araling Panlipunan,Grammar,What is the definition of grammar?,grammar is explained based on the DepEd K–12 learning competency for this grade level.
10,Araling Panlipunan,Grammar,Why is grammar important?,grammar is important because it helps learners understand key concepts required by the curriculum.
10,Araling Panlipunan,Grammar,How is grammar applied in real life?,grammar can be applied in everyday situations as emphasized in the DepEd curriculum.
10,Araling Panlipunan,Philippine History,What is the definition of Philippine history?,Philippine history is explained based on the DepEd K–12 learning competency for this grade level.
10,Araling Panlipunan,Philippine History,Why is Philippine history important?,Philippine history is important because it helps learners understand key concepts required by the curriculum.
10,Araling Panlipunan,Philippine History,How is Philippine history applied in real life?,Philippine history can be applied in everyday situations as emphasized in the DepEd curriculum.
10,Araling Panlipunan,Functions,What is the definition of functions?,functions is explained based on the DepEd K–12 learning competency for this grade level.
10,Araling Panlipunan,Functions,Why is functions important?,functions is important because it helps learners understand key concepts required by the curriculum.
10,Araling Panlipunan,Functions,How is functions applied in real life?,functions can be applied in everyday situations as emphasized in the DepEd curriculum.
10,Araling Panlipunan,Climate Change,What is the definition of climate change?,climate change is explained based on the DepEd K–12 learning competency for this grade level.
10,Araling Panlipunan,Climate Change,Why is climate change important?,climate change is important because it helps learners understand key concepts required by the curriculum.
10,Araling Panlipunan,Climate Change,How is climate change applied in real life?,climate change can be applied in everyday situations as emphasized in the DepEd curriculum.
10,Araling Panlipunan,Energy,What is the definition of energy?,energy is explained based on the DepEd K–12 learning competency for this grade level.
10,Araling Panlipunan,Energy,Why is energy important?,energy is important because it helps learners understand key concepts required by the curriculum.
10,Araling Panlipunan,Energy,How is energy applied in real life?,energy can be applied in everyday situations as emphasized in the DepEd curriculum.
10,Araling Panlipunan,Communication Skills,What is the definition of communication skills?,communication skills is explained based on the DepEd K–12 learning competency for this grade level.
10,Araling Panlipunan,Communication Skills,Why is communication skills important?,communication skills is important because it helps learners understand key concepts required by the curriculum.
10,Araling Panlipunan,Communication Skills,How is communication skills applied in real life?,communication skills can be applied in everyday situations as emphasized in the DepEd curriculum.
10,Araling Panlipunan,Data Interpretation,What is the definition of data interpretation?,data interpretation is explained based on the DepEd K–12 learning competency for this grade level.
10,Araling Panlipunan,Data Interpretation,Why is data interpretation important?,data interpretation is important because it helps learners understand key concepts required by the curriculum.
10,Araling Panlipunan,Data Interpretation,How is data interpretation applied in real life?,data interpretation can be applied in everyday situations as emphasized in the DepEd curriculum.
11,General Mathematics,Numbers,What is the definition of numbers?,numbers is explained based on the DepEd K–12 learning competency for this grade level.
11,General Mathematics,Numbers,Why is numbers important?,numbers is important because it helps learners understand key concepts required by the curriculum.
11,General Mathematics,Numbers,How is numbers applied in real life?,numbers can be applied in everyday situations as emphasized in the DepEd curriculum.
11,General Mathematics,Fractions,What is the definition of fractions?,fractions is explained based on the DepEd K–12 learning competency for this grade level.
11,General Mathematics,Fractions,Why is fractions important?,fractions is important because it helps learners understand key concepts required by the curriculum.
11,General Mathematics,Fractions,How is fractions applied in real life?,fractions can be applied in everyday situations as emphasized in the DepEd curriculum.
11,General Mathematics,Cells,What is the definition of cells?,cells is explained based on the DepEd K–12 learning competency for this grade level.
11,General Mathematics,Cells,Why is cells important?,cells is important because it helps learners understand key concepts required by the curriculum.
11,General Mathematics,Cells,How is cells applied in real life?,cells can be applied in everyday situations as emphasized in the DepEd curriculum.
11,General Mathematics,Ecosystems,What is the definition of ecosystems?,ecosystems is explained based on the DepEd K–12 learning competency for this grade level.
11,General Mathematics,Ecosystems,Why is ecosystems important?,ecosystems is important because it helps learners understand key concepts required by the curriculum.
11,General Mathematics,Ecosystems,How is ecosystems applied in real life?,ecosystems can be applied in everyday situations as emphasized in the DepEd curriculum.
11,General Mathematics,Reading Comprehension,What is the definition of reading comprehension?,reading comprehension is explained based on the DepEd K–12 learning competency for this grade level.
11,General Mathematics,Reading Comprehension,Why is reading comprehension important?,reading comprehension is important because it helps learners understand key concepts required by the curriculum.
11,General Mathematics,Reading Comprehension,How is reading comprehension applied in real life?,reading comprehension can be applied in everyday situations as emphasized in the DepEd curriculum.
11,General Mathematics,Grammar,What is the definition of grammar?,grammar is explained based on the DepEd K–12 learning competency for this grade level.
11,General Mathematics,Grammar,Why is grammar important?,grammar is important because it helps learners understand key concepts required by the curriculum.
11,General Mathematics,Grammar,How is grammar applied in real life?,grammar can be applied in everyday situations as emphasized in the DepEd curriculum.
11,General Mathematics,Philippine History,What is the definition of Philippine history?,Philippine history is explained based on the DepEd K–12 learning competency for this grade level.
11,General Mathematics,Philippine History,Why is Philippine history important?,Philippine history is important because it helps learners understand key concepts required by the curriculum.
11,General Mathematics,Philippine History,How is Philippine history applied in real life?,Philippine history can be applied in everyday situations as emphasized in the DepEd curriculum.
11,General Mathematics,Functions,What is the definition of functions?,functions is explained based on the DepEd K–12 learning competency for this grade level.
11,General Mathematics,Functions,Why is functions important?,functions is important because it helps learners understand key concepts required by the curriculum.
11,General Mathematics,Functions,How is functions applied in real life?,functions can be applied in everyday situations as emphasized in the DepEd curriculum.
11,General Mathematics,Climate Change,What is the definition of climate change?,climate change is explained based on the DepEd K–12 learning competency for this grade level.
11,General Mathematics,Climate Change,Why is climate change important?,climate change is important because it helps learners understand key concepts required by the curriculum.
11,General Mathematics,Climate Change,How is climate change applied in real life?,climate change can be applied in everyday situations as emphasized in the DepEd curriculum.
11,General Mathematics,Energy,What is the definition of energy?,energy is explained based on the DepEd K–12 learning competency for this grade level.
11,General Mathematics,Energy,Why is energy important?,energy is important because it helps learners understand key concepts required by the curriculum.
11,General Mathematics,Energy,How is energy applied in real life?,energy can be applied in everyday situations as emphasized in the DepEd curriculum.
11,General Mathematics,Communication Skills,What is the definition of communication skills?,communication skills is explained based on the DepEd K–12 learning competency for this grade level.
11,General Mathematics,Communication Skills,Why is communication skills important?,communication skills is important because it helps learners understand key concepts required by the curriculum.
11,General Mathematics,Communication Skills,How is communication skills applied in real life?,communication skills can be applied in everyday situations as emphasized in the DepEd curriculum.
11,General Mathematics,Data Interpretation,What is the definition of data interpretation?,data interpretation is explained based on the DepEd K–12 learning competency for this grade level.
11,General Mathematics,Data Interpretation,Why is data interpretation important?,data interpretation is important because it helps learners understand key concepts required by the curriculum.
11,General Mathematics,Data Interpretation,How is data interpretation applied in real life?,data interpretation can be applied in everyday situations as emphasized in the DepEd curriculum.
11,General Science,Numbers,What is the definition of numbers?,numbers is explained based on the DepEd K–12 learning competency for this grade level.
11,General Science,Numbers,Why is numbers important?,numbers is important because it helps learners understand key concepts required by the curriculum.
11,General Science,Numbers,How is numbers applied in real life?,numbers can be applied in everyday situations as emphasized in the DepEd curriculum.
11,General Science,Fractions,What is the definition of fractions?,fractions is explained based on the DepEd K–12 learning competency for this grade level.
11,General Science,Fractions,Why is fractions important?,fractions is important because it helps learners understand key concepts required by the curriculum.
11,General Science,Fractions,How is fractions applied in real life?,fractions can be applied in everyday situations as emphasized in the DepEd curriculum.
11,General Science,Cells,What is the definition of cells?,cells is explained based on the DepEd K–12 learning competency for this grade level.
11,General Science,Cells,Why is cells important?,cells is important because it helps learners understand key concepts required by the curriculum.
11,General Science,Cells,How is cells applied in real life?,cells can be applied in everyday situations as emphasized in the DepEd curriculum.
11,General Science,Ecosystems,What is the definition of ecosystems?,ecosystems is explained based on the DepEd K–12 learning competency for this grade level.
11,General Science,Ecosystems,Why is ecosystems important?,ecosystems is important because it helps learners understand key concepts required by the curriculum.
11,General Science,Ecosystems,How is ecosystems applied in real life?,ecosystems can be applied in everyday situations as emphasized in the DepEd curriculum.
11,General Science,Reading Comprehension,What is the definition of reading comprehension?,reading comprehension is explained based on the DepEd K–12 learning competency for this grade level.
11,General Science,Reading Comprehension,Why is reading comprehension important?,reading comprehension is important because it helps learners understand key concepts required by the curriculum.
11,General Science,Reading Comprehension,How is reading comprehension applied in real life?,reading comprehension can be applied in everyday situations as emphasized in the DepEd curriculum.
11,General Science,Grammar,What is the definition of grammar?,grammar is explained based on the DepEd K–12 learning competency for this grade level.
11,General Science,Grammar,Why is grammar important?,grammar is important because it helps learners understand key concepts required by the curriculum.
11,General Science,Grammar,How is grammar applied in real life?,grammar can be applied in everyday situations as emphasized in the DepEd curriculum.
11,General Science,Philippine History,What is the definition of Philippine history?,Philippine history is explained based on the DepEd K–12 learning competency for this grade level.
11,General Science,Philippine History,Why is Philippine history important?,Philippine history is important because it helps learners understand key concepts required by the curriculum.
11,General Science,Philippine History,How is Philippine history applied in real life?,Philippine history can be applied in everyday situations as emphasized in the DepEd curriculum.
11,General Science,Functions,What is the definition of functions?,functions is explained based on the DepEd K–12 learning competency for this grade level.
11,General Science,Functions,Why is functions important?,functions is important because it helps learners understand key concepts required by the curriculum.
11,General Science,Functions,How is functions applied in real life?,functions can be applied in everyday situations as emphasized in the DepEd curriculum.
11,General Science,Climate Change,What is the definition of climate change?,climate change is explained based on the DepEd K–12 learning competency for this grade level.
11,General Science,Climate Change,Why is climate change important?,climate change is important because it helps learners understand key concepts required by the curriculum.
11,General Science,Climate Change,How is climate change applied in real life?,climate change can be applied in everyday situations as emphasized in the DepEd curriculum.
11,General Science,Energy,What is the definition of energy?,energy is explained based on the DepEd K–12 learning competency for this grade level.
11,General Science,Energy,Why is energy important?,energy is important because it helps learners understand key concepts required by the curriculum.
11,General Science,Energy,How is energy applied in real life?,energy can be applied in everyday situations as emphasized in the DepEd curriculum.
11,General Science,Communication Skills,What is the definition of communication skills?,communication skills is explained based on the DepEd K–12 learning competency for this grade level.
11,General Science,Communication Skills,Why is communication skills important?,communication skills is important because it helps learners understand key concepts required by the curriculum.
11,General Science,Communication Skills,How is communication skills applied in real life?,communication skills can be applied in everyday situations as emphasized in the DepEd curriculum.
11,General Science,Data Interpretation,What is the definition of data interpretation?,data interpretation is explained based on the DepEd K–12 learning competency for this grade level.
11,General Science,Data Interpretation,Why is data interpretation important?,data interpretation is important because it helps learners understand key concepts required by the curriculum.
11,General Science,Data Interpretation,How is data interpretation applied in real life?,data interpretation can be applied in everyday situations as emphasized in the DepEd curriculum.
11,Effective Communication,Numbers,What is the definition of numbers?,numbers is explained based on the DepEd K–12 learning competency for this grade level.
11,Effective Communication,Numbers,Why is numbers important?,numbers is important because it helps learners understand key concepts required by the curriculum.
11,Effective Communication,Numbers,How is numbers applied in real life?,numbers can be applied in everyday situations as emphasized in the DepEd curriculum.
11,Effective Communication,Fractions,What is the definition of fractions?,fractions is explained based on the DepEd K–12 learning competency for this grade level.
11,Effective Communication,Fractions,Why is fractions important?,fractions is important because it helps learners understand key concepts required by the curriculum.
11,Effective Communication,Fractions,How is fractions applied in real life?,fractions can be applied in everyday situations as emphasized in the DepEd curriculum.
11,Effective Communication,Cells,What is the definition of cells?,cells is explained based on the DepEd K–12 learning competency for this grade level.
11,Effective Communication,Cells,Why is cells important?,cells is important because it helps learners understand key concepts required by the curriculum.
11,Effective Communication,Cells,How is cells applied in real life?,cells can be applied in everyday situations as emphasized in the DepEd curriculum.
11,Effective Communication,Ecosystems,What is the definition of ecosystems?,ecosystems is explained based on the DepEd K–12 learning competency for this grade level.
11,Effective Communication,Ecosystems,Why is ecosystems important?,ecosystems is important because it helps learners understand key concepts required by the curriculum.
11,Effective Communication,Ecosystems,How is ecosystems applied in real life?,ecosystems can be applied in everyday situations as emphasized in the DepEd curriculum.
11,Effective Communication,Reading Comprehension,What is the definition of reading comprehension?,reading comprehension is explained based on the DepEd K–12 learning competency for this grade level.
11,Effective Communication,Reading Comprehension,Why is reading comprehension important?,reading comprehension is important because it helps learners understand key concepts required by the curriculum.
11,Effective Communication,Reading Comprehension,How is reading comprehension applied in real life?,reading comprehension can be applied in everyday situations as emphasized in the DepEd curriculum.
11,Effective Communication,Grammar,What is the definition of grammar?,grammar is explained based on the DepEd K–12 learning competency for this grade level.
11,Effective Communication,Grammar,Why is grammar important?,grammar is important because it helps learners understand key concepts required by the curriculum.
11,Effective Communication,Grammar,How is grammar applied in real life?,grammar can be applied in everyday situations as emphasized in the DepEd curriculum.
11,Effective Communication,Philippine History,What is the definition of Philippine history?,Philippine history is explained based on the DepEd K–12 learning competency for this grade level.
11,Effective Communication,Philippine History,Why is Philippine history important?,Philippine history is important because it helps learners understand key concepts required by the curriculum.
11,Effective Communication,Philippine History,How is Philippine history applied in real life?,Philippine history can be applied in everyday situations as emphasized in the DepEd curriculum.
11,Effective Communication,Functions,What is the definition of functions?,functions is explained based on the DepEd K–12 learning competency for this grade level.
11,Effective Communication,Functions,Why is functions important?,functions is important because it helps learners understand key concepts required by the curriculum.
11,Effective Communication,Functions,How is functions applied in real life?,functions can be applied in everyday situations as emphasized in the DepEd curriculum.
11,Effective Communication,Climate Change,What is the definition of climate change?,climate change is explained based on the DepEd K–12 learning competency for this grade level.
11,Effective Communication,Climate Change,Why is climate change important?,climate change is important because it helps learners understand key concepts required by the curriculum.
11,Effective Communication,Climate Change,How is climate change applied in real life?,climate change can be applied in everyday situations as emphasized in the DepEd curriculum.
11,Effective Communication,Energy,What is the definition of energy?,energy is explained based on the DepEd K–12 learning competency for this grade level.
11,Effective Communication,Energy,Why is energy important?,energy is important because it helps learners understand key concepts required by the curriculum.
11,Effective Communication,Energy,How is energy applied in real life?,energy can be applied in everyday situations as emphasized in the DepEd curriculum.
11,Effective Communication,Communication Skills,What is the definition of communication skills?,communication skills is explained based on the DepEd K–12 learning competency for this grade level.
11,Effective Communication,Communication Skills,Why is communication skills important?,communication skills is important because it helps learners understand key concepts required by the curriculum.
11,Effective Communication,Communication Skills,How is communication skills applied in real life?,communication skills can be applied in everyday situations as emphasized in the DepEd curriculum.
11,Effective Communication,Data Interpretation,What is the definition of data interpretation?,data interpretation is explained based on the DepEd K–12 learning competency for this grade level.
11,Effective Communication,Data Interpretation,Why is data interpretation important?,data interpretation is important because it helps learners understand key concepts required by the curriculum.
11,Effective Communication,Data Interpretation,How is data interpretation applied in real life?,data interpretation can be applied in everyday situations as emphasized in the DepEd curriculum.
12,General Mathematics,Numbers,What is the definition of numbers?,numbers is explained based on the DepEd K–12 learning competency for this grade level.
12,General Mathematics,Numbers,Why is numbers important?,numbers is important because it helps learners understand key concepts required by the curriculum.
12,General Mathematics,Numbers,How is numbers applied in real life?,numbers can be applied in everyday situations as emphasized in the DepEd curriculum.
12,General Mathematics,Fractions,What is the definition of fractions?,fractions is explained based on the DepEd K–12 learning competency for this grade level.
12,General Mathematics,Fractions,Why is fractions important?,fractions is important because it helps learners understand key concepts required by the curriculum.
12,General Mathematics,Fractions,How is fractions applied in real life?,fractions can be applied in everyday situations as emphasized in the DepEd curriculum.
12,General Mathematics,Cells,What is the definition of cells?,cells is explained based on the DepEd K–12 learning competency for this grade level.
12,General Mathematics,Cells,Why is cells important?,cells is important because it helps learners understand key concepts required by the curriculum.
12,General Mathematics,Cells,How is cells applied in real life?,cells can be applied in everyday situations as emphasized in the DepEd curriculum.
12,General Mathematics,Ecosystems,What is the definition of ecosystems?,ecosystems is explained based on the DepEd K–12 learning competency for this grade level.
12,General Mathematics,Ecosystems,Why is ecosystems important?,ecosystems is important because it helps learners understand key concepts required by the curriculum.
12,General Mathematics,Ecosystems,How is ecosystems applied in real life?,ecosystems can be applied in everyday situations as emphasized in the DepEd curriculum.
12,General Mathematics,Reading Comprehension,What is the definition of reading comprehension?,reading comprehension is explained based on the DepEd K–12 learning competency for this grade level.
12,General Mathematics,Reading Comprehension,Why is reading comprehension important?,reading comprehension is important because it helps learners understand key concepts required by the curriculum.
12,General Mathematics,Reading Comprehension,How is reading comprehension applied in real life?,reading comprehension can be applied in everyday situations as emphasized in the DepEd curriculum.
12,General Mathematics,Grammar,What is the definition of grammar?,grammar is explained based on the DepEd K–12 learning competency for this grade level.
12,General Mathematics,Grammar,Why is grammar important?,grammar is important because it helps learners understand key concepts required by the curriculum.
12,General Mathematics,Grammar,How is grammar applied in real life?,grammar can be applied in everyday situations as emphasized in the DepEd curriculum.
12,General Mathematics,Philippine History,What is the definition of Philippine history?,Philippine history is explained based on the DepEd K–12 learning competency for this grade level.
12,General Mathematics,Philippine History,Why is Philippine history important?,Philippine history is important because it helps learners understand key concepts required by the curriculum.
12,General Mathematics,Philippine History,How is Philippine history applied in real life?,Philippine history can be applied in everyday situations as emphasized in the DepEd curriculum.
12,General Mathematics,Functions,What is the definition of functions?,functions is explained based on the DepEd K–12 learning competency for this grade level.
12,General Mathematics,Functions,Why is functions important?,functions is important because it helps learners understand key concepts required by the curriculum.
12,General Mathematics,Functions,How is functions applied in real life?,functions can be applied in everyday situations as emphasized in the DepEd curriculum.
12,General Mathematics,Climate Change,What is the definition of climate change?,climate change is explained based on the DepEd K–12 learning competency for this grade level.
12,General Mathematics,Climate Change,Why is climate change important?,climate change is important because it helps learners understand key concepts required by the curriculum.
12,General Mathematics,Climate Change,How is climate change applied in real life?,climate change can be applied in everyday situations as emphasized in the DepEd curriculum.
12,General Mathematics,Energy,What is the definition of energy?,energy is explained based on the DepEd K–12 learning competency for this grade level.
12,General Mathematics,Energy,Why is energy important?,energy is important because it helps learners understand key concepts required by the curriculum.
12,General Mathematics,Energy,How is energy applied in real life?,energy can be applied in everyday situations as emphasized in the DepEd curriculum.
12,General Mathematics,Communication Skills,What is the definition of communication skills?,communication skills is explained based on the DepEd K–12 learning competency for this grade level.
12,General Mathematics,Communication Skills,Why is communication skills important?,communication skills is important because it helps learners understand key concepts required by the curriculum.
12,General Mathematics,Communication Skills,How is communication skills applied in real life?,communication skills can be applied in everyday situations as emphasized in the DepEd curriculum.
12,General Mathematics,Data Interpretation,What is the definition of data interpretation?,data interpretation is explained based on the DepEd K–12 learning competency for this grade level.
12,General Mathematics,Data Interpretation,Why is data interpretation important?,data interpretation is important because it helps learners understand key concepts required by the curriculum.
12,General Mathematics,Data Interpretation,How is data interpretation applied in real life?,data interpretation can be applied in everyday situations as emphasized in the DepEd curriculum.
12,General Science,Numbers,What is the definition of numbers?,numbers is explained based on the DepEd K–12 learning competency for this grade level.
12,General Science,Numbers,Why is numbers important?,numbers is important because it helps learners understand key concepts required by the curriculum.
12,General Science,Numbers,How is numbers applied in real life?,numbers can be applied in everyday situations as emphasized in the DepEd curriculum.
12,General Science,Fractions,What is the definition of fractions?,fractions is explained based on the DepEd K–12 learning competency for this grade level.
12,General Science,Fractions,Why is fractions important?,fractions is important because it helps learners understand key concepts required by the curriculum.
12,General Science,Fractions,How is fractions applied in real life?,fractions can be applied in everyday situations as emphasized in the DepEd curriculum.
12,General Science,Cells,What is the definition of cells?,cells is explained based on the DepEd K–12 learning competency for this grade level.
12,General Science,Cells,Why is cells important?,cells is important because it helps learners understand key concepts required by the curriculum.
12,General Science,Cells,How is cells applied in real life?,cells can be applied in everyday situations as emphasized in the DepEd curriculum.
12,General Science,Ecosystems,What is the definition of ecosystems?,ecosystems is explained based on the DepEd K–12 learning competency for this grade level.
12,General Science,Ecosystems,Why is ecosystems important?,ecosystems is important because it helps learners understand key concepts required by the curriculum.
12,General Science,Ecosystems,How is ecosystems applied in real life?,ecosystems can be applied in everyday situations as emphasized in the DepEd curriculum.
12,General Science,Reading Comprehension,What is the definition of reading comprehension?,reading comprehension is explained based on the DepEd K–12 learning competency for this grade level.
12,General Science,Reading Comprehension,Why is reading comprehension important?,reading comprehension is important because it helps learners understand key concepts required by the curriculum.
12,General Science,Reading Comprehension,How is reading comprehension applied in real life?,reading comprehension can be applied in everyday situations as emphasized in the DepEd curriculum.
12,General Science,Grammar,What is the definition of grammar?,grammar is explained based on the DepEd K–12 learning competency for this grade level.
12,General Science,Grammar,Why is grammar important?,grammar is important because it helps learners understand key concepts required by the curriculum.
12,General Science,Grammar,How is grammar applied in real life?,grammar can be applied in everyday situations as emphasized in the DepEd curriculum.
12,General Science,Philippine History,What is the definition of Philippine history?,Philippine history is explained based on the DepEd K–12 learning competency for this grade level.
12,General Science,Philippine History,Why is Philippine history important?,Philippine history is important because it helps learners understand key concepts required by the curriculum.
12,General Science,Philippine History,How is Philippine history applied in real life?,Philippine history can be applied in everyday situations as emphasized in the DepEd curriculum.
12,General Science,Functions,What is the definition of functions?,functions is explained based on the DepEd K–12 learning competency for this grade level.
12,General Science,Functions,Why is functions important?,functions is important because it helps learners understand key concepts required by the curriculum.
12,General Science,Functions,How is functions applied in real life?,functions can be applied in everyday situations as emphasized in the DepEd curriculum.
12,General Science,Climate Change,What is the definition of climate change?,climate change is explained based on the DepEd K–12 learning competency for this grade level.
12,General Science,Climate Change,Why is climate change important?,climate change is important because it helps learners understand key concepts required by the curriculum.
12,General Science,Climate Change,How is climate change applied in real life?,climate change can be applied in everyday situations as emphasized in the DepEd curriculum.
12,General Science,Energy,What is the definition of energy?,energy is explained based on the DepEd K–12 learning competency for this grade level.
12,General Science,Energy,Why is energy important?,energy is important because it helps learners understand key concepts required by the curriculum.
12,General Science,Energy,How is energy applied in real life?,energy can be applied in everyday situations as emphasized in the DepEd curriculum.
12,General Science,Communication Skills,What is the definition of communication skills?,communication skills is explained based on the DepEd K–12 learning competency for this grade level.
12,General Science,Communication Skills,Why is communication skills important?,communication skills is important because it helps learners understand key concepts required by the curriculum.
12,General Science,Communication Skills,How is communication skills applied in real life?,communication skills can be applied in everyday situations as emphasized in the DepEd curriculum.
12,General Science,Data Interpretation,What is the definition of data interpretation?,data interpretation is explained based on the DepEd K–12 learning competency for this grade level.
12,General Science,Data Interpretation,Why is data interpretation important?,data interpretation is important because it helps learners understand key concepts required by the curriculum.
12,General Science,Data Interpretation,How is data interpretation applied in real life?,data interpretation can be applied in everyday situations as emphasized in the DepEd curriculum.
12,Effective Communication,Numbers,What is the definition of numbers?,numbers is explained based on the DepEd K–12 learning competency for this grade level.
12,Effective Communication,Numbers,Why is numbers important?,numbers is important because it helps learners understand key concepts required by the curriculum.
12,Effective Communication,Numbers,How is numbers applied in real life?,numbers can be applied in everyday situations as emphasized in the DepEd curriculum.
12,Effective Communication,Fractions,What is the definition of fractions?,fractions is explained based on the DepEd K–12 learning competency for this grade level.
12,Effective Communication,Fractions,Why is fractions important?,fractions is important because it helps learners understand key concepts required by the curriculum.
12,Effective Communication,Fractions,How is fractions applied in real life?,fractions can be applied in everyday situations as emphasized in the DepEd curriculum.
12,Effective Communication,Cells,What is the definition of cells?,cells is explained based on the DepEd K–12 learning competency for this grade level.
12,Effective Communication,Cells,Why is cells important?,cells is important because it helps learners understand key concepts required by the curriculum.
12,Effective Communication,Cells,How is cells applied in real life?,cells can be applied in everyday situations as emphasized in the DepEd curriculum.
12,Effective Communication,Ecosystems,What is the definition of ecosystems?,ecosystems is explained based on the DepEd K–12 learning competency for this grade level.
12,Effective Communication,Ecosystems,Why is ecosystems important?,ecosystems is important because it helps learners understand key concepts required by the curriculum.
12,Effective Communication,Ecosystems,How is ecosystems applied in real life?,ecosystems can be applied in everyday situations as emphasized in the DepEd curriculum.
12,Effective Communication,Reading Comprehension,What is the definition of reading comprehension?,reading comprehension is explained based on the DepEd K–12 learning competency for this grade level.
12,Effective Communication,Reading Comprehension,Why is reading comprehension important?,reading comprehension is important because it helps learners understand key concepts required by the curriculum.
12,Effective Communication,Reading Comprehension,How is reading comprehension applied in real life?,reading comprehension can be applied in everyday situations as emphasized in the DepEd curriculum.
12,Effective Communication,Grammar,What is the definition of grammar?,grammar is explained based on the DepEd K–12 learning competency for this grade level.
12,Effective Communication,Grammar,Why is grammar important?,grammar is important because it helps learners understand key concepts required by the curriculum.
12,Effective Communication,Grammar,How is grammar applied in real life?,grammar can be applied in everyday situations as emphasized in the DepEd curriculum.
12,Effective Communication,Philippine History,What is the definition of Philippine history?,Philippine history is explained based on the DepEd K–12 learning competency for this grade level.
12,Effective Communication,Philippine History,Why is Philippine history important?,Philippine history is important because it helps learners understand key concepts required by the curriculum.
12,Effective Communication,Philippine History,How is Philippine history applied in real life?,Philippine history can be applied in everyday situations as emphasized in the DepEd curriculum.
12,Effective Communication,Functions,What is the definition of functions?,functions is explained based on the DepEd K–12 learning competency for this grade level.
12,Effective Communication,Functions,Why is functions important?,functions is important because it helps learners understand key concepts required by the curriculum.
12,Effective Communication,Functions,How is functions applied in real life?,functions can be applied in everyday situations as emphasized in the DepEd curriculum.
12,Effective Communication,Climate Change,What is the definition of climate change?,climate change is explained based on the DepEd K–12 learning competency for this grade level.
12,Effective Communication,Climate Change,Why is climate change important?,climate change is important because it helps learners understand key concepts required by the curriculum.
12,Effective Communication,Climate Change,How is climate change applied in real life?,climate change can be applied in everyday situations as emphasized in the DepEd curriculum.
12,Effective Communication,Energy,What is the definition of energy?,energy is explained based on the DepEd K–12 learning competency for this grade level.
12,Effective Communication,Energy,Why is energy important?,energy is important because it helps learners understand key concepts required by the curriculum.
12,Effective Communication,Energy,How is energy applied in real life?,energy can be applied in everyday situations as emphasized in the DepEd curriculum.
12,Effective Communication,Communication Skills,What is the definition of communication skills?,communication skills is explained based on the DepEd K–12 learning competency for this grade level.
12,Effective Communication,Communication Skills,Why is communication skills important?,communication skills is important because it helps learners understand key concepts required by the curriculum.
12,Effective Communication,Communication Skills,How is communication skills applied in real life?,communication skills can be applied in everyday situations as emphasized in the DepEd curriculum.
12,Effective Communication,Data Interpretation,What is the definition of data interpretation?,data interpretation is explained based on the DepEd K–12 learning competency for this grade level.
12,Effective Communication,Data Interpretation,Why is data interpretation important?,data interpretation is important because it helps learners understand key concepts required by the curriculum.
12,Effective Communication,Data Interpretation,How is data interpretation applied in real life?,data interpretation can be applied in everyday situations as emphasized in the DepEd curriculum.
